ds,yhat,yhat_lower,yhat_upper,y,type
2014-01-01,82.06992683746572,-40.401105778672985,213.2155682326224,0.0,historical
2014-01-02,63.04558060633566,-63.362679083472976,187.61918761153083,70.0,historical
2014-01-03,71.90545142857341,-58.51706464196111,202.99784667190372,59.0,historical
2014-01-04,120.99933754129883,-15.872370021048622,242.80851996776934,93.0,historical
2014-01-05,73.83805605347598,-50.809235546997186,203.79942265531486,96.0,historical
2014-01-06,44.51038857439859,-80.18834553164906,178.2960674399408,145.0,historical
2014-01-07,41.631331313451675,-82.67566893544853,170.098544728536,179.0,historical
2014-01-08,66.12247154076076,-58.6662991592569,191.65109834829366,321.0,historical
2014-01-09,51.753932650024886,-76.98427068138923,193.7386664709386,125.0,historical
2014-01-10,65.58978481317985,-57.970594249782444,199.8755169880271,88.0,historical
2014-01-11,119.86766942074978,-9.283428097785812,250.654931886228,188.0,historical
2014-01-12,77.98200356403362,-52.68848578416936,204.5613008444104,121.0,historical
2014-01-13,53.90346504689745,-78.2914652931177,183.95585971700194,134.0,historical
2014-01-14,56.12979976917126,-71.3907084295678,183.3882689444755,80.0,historical
2014-01-15,85.46871767040965,-48.07978445364395,211.63828752117635,82.0,historical
2014-01-16,75.58226521403597,-59.783625653835784,200.64824340418411,94.0,historical
2014-01-18,151.17330616200104,34.143887487184344,280.4836140536737,159.0,historical
2014-01-19,112.11525851651247,-11.818344167926947,237.03866653380996,199.0,historical
2014-01-20,90.16689024444499,-42.60133483596542,216.72011951558287,104.0,historical
2014-01-21,93.77668288683196,-34.74152897588783,217.77845133849692,70.0,historical
2014-01-22,123.7189357027313,-6.655021442392842,259.6808567771531,127.0,historical
2014-01-23,113.63874711375229,-8.575242981404172,244.4691735068573,96.0,historical
2014-01-24,130.49996411580102,6.859859531094719,263.26610673274354,75.0,historical
2014-01-25,186.4667984096024,57.82095384406682,311.30432810127223,198.0,historical
2014-01-26,144.88843844056464,15.31682051846951,273.1149319121874,168.0,historical
2014-01-27,119.71933375826184,-12.10087995993547,244.84672875245593,125.0,historical
2014-01-28,119.4701828021395,-8.658845540727462,248.96361531848413,86.0,historical
2014-01-29,144.99039293518547,19.446656870682375,279.50527613358264,222.0,historical
2014-01-30,130.01141646584853,7.177724635118385,254.2752094047326,272.0,historical
2014-01-31,141.59283636030756,15.732035056870906,273.36872420888267,209.0,historical
2014-02-01,192.0019420712752,61.22410931391236,317.36731847274694,369.0,historical
2014-02-02,144.69616947904598,13.697985159700888,276.8034207562841,217.0,historical
2014-02-03,113.7411281738828,-21.350125773543304,233.7487519994417,97.0,historical
2014-02-04,107.75929538394084,-26.416863500609573,234.69096358320394,117.0,historical
2014-02-05,127.71019325320293,8.333662045292172,257.64684479138185,100.0,historical
2014-02-06,107.43150043628808,-29.19649855899598,233.24688436370863,64.0,historical
2014-02-07,114.08301691386771,-15.551399641255047,235.29059533702844,35.0,historical
2014-02-08,160.02426485286958,34.35477504646998,289.4971392386823,54.0,historical
2014-02-09,108.79513823782655,-17.534464340062762,237.86814174907533,55.0,historical
2014-02-12,83.95285101899101,-41.418717063373634,208.6014685024788,8.0,historical
2014-02-13,62.50829133863374,-58.606953519145364,176.1684078212953,43.0,historical
2014-02-14,68.75827381317009,-59.30094291151964,196.78391217409785,107.0,historical
2014-02-15,115.0625349452074,-13.79668610189196,240.92804150981357,116.0,historical
2014-02-16,64.94624673922257,-61.865299307232284,198.08122828667987,87.0,historical
2014-02-17,32.51692630141587,-93.85813087739709,164.9537561968422,66.0,historical
2014-02-18,26.4125463888468,-107.65937733014903,160.10926618542493,44.0,historical
2014-02-19,47.581669006515895,-88.45003578392505,167.86750052152286,33.0,historical
2014-02-20,29.825047100943102,-90.49654924686874,164.27372908587236,13.0,historical
2014-02-21,40.24059673558907,-88.51736955294271,173.31968007514044,53.0,historical
2014-02-22,91.10249582449778,-31.452940361570203,220.42820002838576,72.0,historical
2014-02-23,45.84378589414202,-88.60368340986354,169.5197649145457,50.0,historical
2014-02-24,18.475189685668838,-108.10664533953579,143.00318690534527,15.0,historical
2014-02-25,17.535200574399624,-128.70844035197285,146.05740965175826,12.0,historical
2014-02-26,43.87222562234827,-85.1855039951412,175.4596376113075,71.0,historical
2014-02-27,31.188186964056158,-103.11660797554433,155.02717313451257,37.0,historical
2014-02-28,46.485444294859974,-76.0471065626287,180.9843038889357,83.0,historical
2014-03-01,101.94775640420536,-29.1118290035347,236.556336289239,94.0,historical
2014-03-02,60.92462229799307,-67.67823090566185,201.57761870521344,59.0,historical
2014-03-03,37.351681655385164,-93.10715699956378,162.0284737191265,49.0,historical
2014-03-05,68.7704017664162,-54.15413163545439,187.78841765720003,65.0,historical
2014-03-06,58.216013816331845,-77.0269209167272,181.01568226680146,55.0,historical
2014-03-07,75.01190065577583,-49.787524891177114,203.68158491578723,77.0,historical
2014-03-08,131.3254630526297,-0.5428208944073473,267.53212267632233,122.0,historical
2014-03-09,90.50315520306648,-32.49876755933388,224.91682133038717,83.0,historical
2014-03-10,66.49079239028632,-68.30697425206304,186.49343847077418,75.0,historical
2014-03-11,67.78468069447706,-58.570929267777466,202.12998638608812,48.0,historical
2014-03-12,95.21433430103548,-26.46135658651153,215.41078272326905,45.0,historical
2014-03-13,82.48617810357395,-44.17947937153448,222.4308201261556,78.0,historical
2014-03-14,96.63010068946,-25.937023881566596,225.05395560279752,122.0,historical
2014-03-16,105.65479267003464,-25.543082169524624,231.6365181789649,116.0,historical
2014-03-17,77.98126537209056,-54.86734410815435,204.88173103271862,48.0,historical
2014-03-18,75.43938151671368,-51.20362471371894,195.84986034645624,29.0,historical
2014-03-19,98.94529278090505,-34.22551265407699,211.59724311511695,91.0,historical
2014-03-20,82.2928190011028,-50.069336175953154,200.25734639282584,59.0,historical
2014-03-21,92.59818768381174,-34.293418773166756,215.66575879875109,68.0,historical
2014-03-22,142.17838591106462,20.89469729806393,265.39965705147944,137.0,historical
2014-03-23,94.53252099665681,-38.60275031933865,218.33334777098943,56.0,historical
2014-03-24,63.75893244716709,-66.83807666744909,187.52604357428237,13.0,historical
2014-03-25,58.50315014049209,-59.67438397354041,190.91409381058722,45.0,historical
2014-03-26,79.73752782287153,-57.503604977666015,207.87336651186962,25.0,historical
2014-03-27,61.30201125467431,-67.02028367621186,195.97655838290163,25.0,historical
2014-03-28,70.34796460517657,-54.62942641743258,200.34499038769712,174.0,historical
2014-03-29,119.21583882128482,-15.805129973561991,234.44684165744408,138.0,historical
2014-03-30,71.4160918858791,-56.507807257086434,197.2989304631655,64.0,historical
2014-03-31,41.04611226931929,-87.93325733081268,162.86811720932636,77.0,historical
2014-04-01,36.73824424100771,-96.71852335936555,178.14866997212442,62.0,historical
2014-04-02,59.43974279722197,-71.16214558121482,181.1751772467236,119.0,historical
2014-04-03,42.954111104789746,-85.18253186667359,174.18766202582864,89.0,historical
2014-04-04,54.385732638814375,-70.27105932400796,183.8537437571853,133.0,historical
2014-04-05,106.0185655183267,-25.429222827453472,227.1041100081014,180.0,historical
2014-04-06,61.29828823692519,-63.485449908287414,179.1888769939484,121.0,historical
2014-04-07,34.25062332665056,-101.31386674922253,173.4361999695788,72.0,historical
2014-04-08,33.43090870314609,-83.78178306782101,164.1432340074735,91.0,historical
2014-04-09,59.70571366586409,-75.58358534045949,181.34509006786726,53.0,historical
2014-04-10,46.79591749425543,-81.12538754430773,168.73206674745558,47.0,historical
2014-04-11,61.72312727696508,-72.5619277066381,192.60144451659215,42.0,historical
2014-04-12,116.69016531050332,-4.080153111398395,250.0163242490529,124.0,historical
2014-04-13,75.06497780159575,-51.32223704132376,202.5904773083077,97.0,historical
2014-04-14,50.800654247107644,-83.86464267793116,178.64304364292445,119.0,historical
2014-04-15,52.38659172311936,-80.84091904882627,189.45709296529486,34.0,historical
2014-04-16,80.63156618397883,-44.734149209704526,205.81516747397822,18.0,historical
2014-04-17,69.20809813610899,-57.54513548320862,209.26769047831414,24.0,historical
2014-04-18,85.09996079132978,-39.748633169502,214.5103345279793,57.0,historical
2014-04-19,140.48353693097317,11.975124491083877,266.5815542003965,61.0,historical
2014-04-20,98.71235649222665,-30.479743130463923,224.60167047924065,30.0,historical
2014-04-21,73.73748946571098,-52.66304113651031,197.98958015858307,96.0,historical
2014-04-22,74.05881884514525,-52.00151570917323,202.11294379562116,0.0,historical
2014-04-23,100.50795179984652,-31.255055613915808,236.66404619423173,37.0,historical
2014-04-24,86.79215820256408,-40.53309728639034,212.24286996136726,30.0,historical
2014-04-25,99.94119211632743,-30.978897302548024,232.91406443483473,38.0,historical
2014-04-26,152.1877155949948,23.47341841592319,281.43095367000865,88.0,historical
2014-04-27,106.95067534564963,-21.428348075362873,232.56126013292973,64.0,historical
2014-04-28,78.25433044185525,-45.69148438386641,205.9268785698149,13.0,historical
2014-04-29,74.67798404642949,-53.24254526590171,199.51012118863386,20.0,historical
2014-04-30,97.13720957560508,-33.99755461654829,216.26601132795057,31.0,historical
2014-05-01,79.42599609489258,-50.84181630348247,203.2938422148016,129.0,historical
2014-05-02,88.66170684705376,-46.192762648983795,218.4833172712159,94.0,historical
2014-05-03,137.16361040210808,11.67126910317737,273.12485383742006,129.0,historical
2014-05-04,88.43437607951428,-40.75324439101011,214.28647195584242,126.0,historical
2014-05-05,56.57727300195553,-81.26088764698618,181.75680298965094,70.0,historical
2014-05-06,50.244166073447715,-81.49196874160334,178.11095035113868,48.0,historical
2014-05-07,70.41513842755349,-60.49417736350756,203.65844384531854,123.0,historical
2014-05-08,50.939198448148574,-93.2636192659667,184.49440880930595,87.0,historical
2014-05-09,58.97800307102185,-66.81111724129937,182.0353074873306,65.0,historical
2014-05-10,106.88337985065567,-22.45793960883143,227.64536245916582,102.0,historical
2014-05-11,58.1780654918711,-73.3279089594604,185.8578406144301,78.0,historical
2014-05-12,26.972417619666828,-103.2862491902932,156.01689812660342,49.0,historical
2014-05-13,21.91220509512459,-97.13933309341067,150.91601245533755,0.0,historical
2014-05-14,43.95831167925345,-80.9444213480759,171.5221905357154,68.0,historical
2014-05-15,26.927813147388896,-101.7786224048376,153.54527310302552,102.0,historical
2014-05-16,37.93834715866347,-92.82357092294156,164.72698877648952,88.0,historical
2014-05-17,89.28655020006629,-34.888096243552155,212.32089740465685,170.0,historical
2014-05-18,44.42995710774666,-82.96471732338009,177.40299797280704,152.0,historical
2014-05-19,17.40509522489809,-112.81127046615029,137.90873023096307,90.0,historical
2014-05-20,16.776848120490484,-110.84030792287435,140.13703654070804,101.0,historical
2014-05-21,43.41988880356363,-82.35042889767165,173.279282807575,71.0,historical
2014-05-22,31.06160396555719,-97.45220471227303,160.27701964437102,48.0,historical
2014-05-23,46.728387154778574,-75.57132765969111,171.3283345029912,40.0,historical
2014-05-24,102.62603192074293,-21.092970867674804,224.46362454513837,93.0,historical
2014-05-25,62.123576258090374,-69.82845605591284,188.4492186174246,45.0,historical
2014-05-26,39.17328638113835,-84.17708484852012,166.33084465047463,58.0,historical
2014-05-27,42.261811902258245,-76.46139733525669,175.86975538527588,53.0,historical
2014-05-28,72.19327167664858,-61.8643611577372,195.0253208164738,42.0,historical
2014-05-29,62.63365433517621,-71.35676683720604,197.64718735993702,52.0,historical
2014-05-30,80.55837794624911,-44.13468248227122,205.23171979676528,29.0,historical
2014-05-31,138.1337112411342,20.88526334258535,274.44831445833887,91.0,historical
2014-06-01,98.70138468097953,-24.920869670221727,227.44414744509007,75.0,historical
2014-06-02,76.19906247296424,-47.64583797676395,209.29353220786948,75.0,historical
2014-06-03,79.11169721240653,-53.4157312942726,201.20268975209834,179.0,historical
2014-06-04,108.25452283404125,-19.159606540300242,254.10715545981472,252.0,historical
2014-06-05,97.31707321460706,-30.16746493926384,221.14212088216257,202.0,historical
2014-06-06,113.31044298770189,-17.536795518526223,237.69721358824944,161.0,historical
2014-06-07,168.44669996819624,39.294536637103626,299.58572482685,331.0,historical
2014-06-08,126.12342004549348,-0.2617329962830033,255.27354622604545,271.0,historical
2014-06-09,100.34242467752327,-23.224188805354196,221.76101658172428,146.0,historical
2014-06-10,99.65958606599307,-19.54395285155475,229.28260260017228,2.0,historical
2014-06-11,124.9661314879161,-8.606850043939705,247.13429002566608,2.0,historical
2014-06-12,110.03087510518932,-14.334687965646722,230.09549605137585,0.0,historical
2014-06-13,121.94527506656796,-11.604331958527654,251.50195811495698,0.0,historical
2014-06-14,173.0020794783108,47.79671099927807,291.9525590201307,0.0,historical
2014-06-15,126.67695694991328,-0.5996882959463627,252.12316419300333,13.0,historical
2014-06-16,97.04585488581378,-23.956613292433453,226.8457226220514,30.0,historical
2014-06-17,92.73318213871713,-37.258773447885964,220.853470768847,34.0,historical
2014-06-18,114.69164768244536,-14.58465977246664,249.5088648156713,8.0,historical
2014-06-19,96.7432177908954,-29.54754926649192,226.38924483234865,67.0,historical
2014-06-20,106.02311879572322,-18.68351221383053,238.66623976067316,41.0,historical
2014-06-21,154.85767263327358,26.09878279573128,284.7270093165537,89.0,historical
2014-06-22,106.74537832001934,-22.63439205467327,235.20781914426848,49.0,historical
2014-06-23,75.77399333260351,-48.316728408551924,204.45219038680824,62.0,historical
2014-06-24,70.56871543436596,-58.095345305597945,197.43858234350193,81.0,historical
2014-06-25,92.07229357520455,-35.466733935264834,219.95015382115793,42.0,historical
2014-06-26,74.08652046140557,-54.29877177438106,198.9766400662119,63.0,historical
2014-06-27,83.71701738834204,-54.32347960140227,215.48705210943896,107.0,historical
2014-06-28,133.25207593410371,8.966652640300019,258.8155662912875,83.0,historical
2014-06-29,86.14494148625157,-35.16168720866099,210.7881412034191,102.0,historical
2014-06-30,56.4322596213339,-73.92191631758661,193.45714723949845,62.0,historical
2014-07-01,52.683748982575835,-77.33320194880685,175.22977291317332,29.0,historical
2014-07-02,75.78388942225683,-52.17919445639059,215.65505085577766,63.0,historical
2014-07-03,59.47503621500734,-73.58758695894606,193.1932752939668,97.0,historical
2014-07-04,70.80382831687393,-52.502505144027275,200.65954464775672,136.0,historical
2014-07-05,122.00161291735859,-5.404253373322232,247.51555030364685,335.0,historical
2014-07-06,76.50795573003681,-56.290373683408845,201.56503244401134,299.0,historical
2014-07-07,48.27129233558871,-82.8834491847986,176.57905315789566,5.0,historical
2014-07-08,45.81900349447956,-79.75762079974379,175.5621692215103,2.0,historical
2014-07-09,70.00041810475548,-56.87531792149766,191.97743135102746,9.0,historical
2014-07-10,54.53075618671289,-70.82707899279318,176.22773457522692,9.0,historical
2014-07-11,66.4381346237066,-59.63431201591934,214.47402603267864,0.0,historical
2014-07-12,117.94434438131447,-12.180981211661212,252.554699061266,0.0,historical
2014-07-13,72.44873631323377,-49.73374306106501,212.62134462353114,0.0,historical
2014-07-14,43.94789790707382,-79.24858542715224,178.5750986197713,0.0,historical
2014-07-15,40.98615615423715,-88.59549672782744,160.023488416601,0.0,historical
2014-07-16,64.43767771935956,-62.25998597889289,186.53553185715938,0.0,historical
2014-07-17,48.049570935321555,-83.95591442295711,175.55538967490764,0.0,historical
2014-07-18,58.88786271131086,-71.1378567501363,187.82115117604255,0.0,historical
2014-07-19,109.21708893196222,-22.918328263991203,236.42003310638935,0.0,historical
2014-07-20,62.48286939487461,-56.30370452409607,192.43051867761577,0.0,historical
2014-07-21,32.73018675693469,-95.89324744123954,157.5272703965294,0.0,historical
2014-07-22,28.552443922224832,-101.86366053019533,152.58550019786853,2.0,historical
2014-07-23,50.87211138022788,-67.67562497489762,175.82800531580622,0.0,historical
2014-07-24,33.48240931993502,-95.794368313412,155.86860090015495,0.0,historical
2014-07-25,43.49193678967515,-87.27830558595582,176.7678563862506,15.0,historical
2014-07-26,93.20302346989227,-28.479205621669916,215.0686236592361,9.0,historical
2014-07-27,46.093208913124116,-83.77099924234192,177.08282235558406,13.0,historical
2014-07-28,16.232598415791323,-116.09941071535779,136.76535314585132,15.0,historical
2014-07-29,12.232194751342561,-107.73381454937079,134.21023004656467,26.0,historical
2014-07-30,35.02403649719865,-96.102666638446,170.12014532913818,16.0,historical
2014-07-31,18.40260092439383,-104.55678436863016,141.71776616209453,51.0,historical
2014-08-01,29.469390435810396,-101.38563936905487,161.08263915002385,47.0,historical
2014-08-02,80.51147824603574,-44.90529755891996,216.38099336487886,56.0,historical
2014-08-03,34.98341170224987,-95.61105899363766,169.674293868551,45.0,historical
2014-08-04,6.9986189240457435,-122.75555383235198,135.83832971336386,40.0,historical
2014-08-05,5.058352370990967,-124.62255568590669,132.9077254768154,17.0,historical
2014-08-06,30.05306928258917,-88.48784308170455,150.40809864425637,103.0,historical
2014-08-07,15.73158429751011,-114.52461584521427,144.62508042418943,72.0,historical
2014-08-08,29.14692691950563,-106.85470858492512,159.53685199725223,56.0,historical
2014-08-09,82.53623403580963,-43.80889051905261,215.70977499479145,0.0,historical
2014-08-10,39.30403772205892,-83.45567644105283,167.97601114816737,1.0,historical
2014-08-11,13.441645534075072,-118.09015981933194,151.74340448231035,0.0,historical
2014-08-12,13.477654667294757,-116.59615266712497,136.97881254880554,0.0,historical
2014-08-13,40.26036861320257,-86.65806069112669,161.78270256963626,0.0,historical
2014-08-14,27.50150966533233,-116.8678782168972,159.10541220040434,0.0,historical
2014-08-15,42.22308094439575,-87.72933323029018,176.60809682979976,0.0,historical
2014-08-16,96.63808944394614,-25.077589145581015,224.45649942019259,0.0,historical
2014-08-17,54.13446723357547,-77.57553789847333,172.96849970764276,0.0,historical
2014-08-18,28.694870518896387,-95.63259240325905,160.27926240479175,0.0,historical
2014-08-19,28.84738653682689,-94.50112235401924,169.41138558644582,0.0,historical
2014-08-20,55.44791192295649,-71.32169780580251,174.44729350116177,68.0,historical
2014-08-21,42.22359746581307,-86.87082658971845,178.5375742962365,169.0,historical
2014-08-22,56.219220988087656,-78.68772976246527,188.05580694302887,213.0,historical
2014-08-23,109.67721421679545,-15.859312461922194,233.2111515607522,338.0,historical
2014-08-24,66.02070101485134,-62.163096368449516,206.26038306172165,129.0,historical
2014-08-26,38.00341726914837,-87.40525276393151,170.8543400972079,13.0,historical
2014-08-27,63.11582998111776,-71.51713993417947,193.57553635662288,85.0,historical
2014-08-28,48.383320352450895,-80.52514445346121,182.92518231656354,0.0,historical
2014-08-29,60.89693228450269,-63.33751304682225,187.64283118208982,0.0,historical
2014-08-30,112.9436123511168,-10.209869323117996,243.8359749524546,0.0,historical
2014-08-31,67.9879655828814,-54.33957253594907,188.45137815309997,0.0,historical
2014-09-01,40.08982062782421,-88.64830393850795,162.79283163988967,0.0,historical
2014-09-02,37.85269891493449,-94.17834651828481,159.45048676064795,0.0,historical
2014-09-03,62.20401624729196,-61.70090259598167,181.1695544758183,0.0,historical
2014-09-04,46.94880614255849,-82.66183009853019,169.46201020195636,0.0,historical
2014-09-05,59.17722972671308,-67.95377562054946,180.9880792792981,0.0,historical
2014-09-06,111.1799654795436,-18.623811179932474,236.5515314589256,0.0,historical
2014-09-07,66.41757075064689,-57.02856112679173,199.950729153225,0.0,historical
2014-09-08,38.938216271289605,-88.53801593101437,161.21288187063138,64.0,historical
2014-09-09,37.326552606275555,-94.16579571654972,167.80352698262433,154.0,historical
2014-09-10,62.484525994463596,-64.81428988934663,187.35771467964548,143.0,historical
2014-09-11,48.17358427211549,-81.53078540487866,176.22875927084488,96.0,historical
2014-09-12,61.46017103265709,-66.12679859493764,184.81821439677736,140.0,historical
2014-09-13,114.59525984151063,-8.305785975470615,236.05659162481717,67.0,historical
2014-09-14,70.99730060362072,-65.39763893752742,195.12301741325723,3.0,historical
2014-09-15,44.67128636206537,-84.98216338022631,164.0126153220938,71.0,historical
2014-09-16,44.15899182801892,-87.14258092449333,174.04294551933302,58.0,historical
2014-09-17,70.32116071843569,-56.03480153210337,190.98663587720932,62.0,historical
2014-09-18,56.88104192807139,-68.6120750663723,180.9288679774154,62.0,historical
2014-09-19,70.87113289972272,-52.23375507252877,195.28294591863778,62.0,historical
2014-09-20,124.51384422744346,0.24699256388592972,258.00496700818996,168.0,historical
2014-09-21,81.2054229186857,-55.117734614958586,210.82151745692371,99.0,historical
2014-09-22,54.935812031343524,-65.60925730776047,180.17616193727997,39.0,historical
2014-09-23,54.239472456514676,-71.03534878940789,181.59461380052542,64.0,historical
2014-09-24,79.97792417673354,-50.58564727896899,200.5055979704264,117.0,historical
2014-09-25,65.88339369800916,-52.280234499046735,189.41099013368864,104.0,historical
2014-09-26,79.00541952717838,-53.52904783683467,216.16051572548199,108.0,historical
2014-09-27,131.59113034505737,10.018989178417637,260.28551376630844,234.0,historical
2014-09-28,87.06854105954594,-43.46692846121432,200.09623131758178,97.0,historical
2014-09-29,59.46555922793528,-65.77874105820968,183.2021909790976,85.0,historical
2014-09-30,57.35974905182751,-77.00017995051337,183.29676735709523,88.0,historical
2014-10-01,81.65963784698161,-38.06451657168773,212.38457198675712,190.0,historical
2014-10-02,66.14698468316263,-64.6267119878011,195.77123191830012,163.0,historical
2014-10-03,77.92190063068942,-47.390317654602136,203.44494307285657,90.0,historical
2014-10-04,129.29112105784688,1.477137370843335,258.2788719409818,105.0,historical
2014-10-05,83.72109542560068,-48.8178789394979,207.19823072049516,47.0,historical
2014-10-06,55.284078589576104,-69.1792551320888,185.66549725778262,66.0,historical
2014-10-07,52.59686905699828,-76.3463124561683,180.6857425530897,84.0,historical
2014-10-08,76.60074613146115,-47.589210051902754,205.01174488014414,80.0,historical
2014-10-09,61.10252223993512,-68.36723525832507,188.04912082729203,97.0,historical
2014-10-10,73.2186375470624,-67.52431911324301,208.6840590150738,64.0,historical
2014-10-11,125.25308561296016,-2.3244866564264917,249.23362427613827,128.0,historical
2014-10-12,80.67858619411561,-47.807485946979135,206.13681197905169,85.0,historical
2014-10-13,53.55376338237381,-70.4301782514715,178.4887454055134,50.0,historical
2014-10-14,52.47143490099472,-75.86228829354366,174.4053269059306,91.0,historical
2014-10-15,78.33884726307369,-46.78705491974749,206.98829585901169,93.0,historical
2014-10-16,64.91931598807717,-59.058828202990604,190.9946329668952,50.0,historical
2014-10-17,79.27718828045116,-45.544599066627065,216.1048301114855,85.0,historical
2014-10-18,133.6568994548186,10.900694175248214,261.09384971167714,129.0,historical
2014-10-19,91.4655143191791,-30.044513295156012,220.79722042377787,119.0,historical
2014-10-20,66.69147998896538,-70.6528310223033,200.29350474127187,45.0,historical
2014-10-21,67.85465814025513,-45.748918712888184,200.5879208227886,78.0,historical
2014-10-22,95.78842844141673,-35.66473355990822,228.45525613818225,90.0,historical
2014-10-23,84.18327531849181,-46.967910286605644,213.2500962710664,78.0,historical
2014-10-24,100.03372552750525,-31.56670980704301,228.57843698551065,62.0,historical
2014-10-25,155.5193562906008,27.90557549191285,292.75151800576845,97.0,historical
2014-10-26,113.98921341730127,-15.32127715202621,237.2421971262605,111.0,historical
2014-10-27,89.38231519094586,-62.97658699390268,207.7175299077393,55.0,historical
2014-10-28,90.17926178000089,-41.207567261516715,223.96227044701374,60.0,historical
2014-10-29,117.18569740040148,-11.897164499192522,237.80546564089187,61.0,historical
2014-10-30,104.07699781417293,-27.88193185258228,224.9783461203855,81.0,historical
2014-10-31,117.84601710350154,-5.875423198673294,243.83656360494956,131.0,historical
2014-11-01,170.68458691763897,47.77452034785166,295.2453447150696,160.0,historical
2014-11-02,125.96808880885658,-4.349986838227225,260.06018012602345,131.0,historical
2014-11-03,97.70296701997333,-34.307821564243845,221.86588565947076,43.0,historical
2014-11-04,94.39618934009357,-34.753107824043376,218.0853784074584,34.0,historical
2014-11-05,116.91943100415173,-16.74644266724683,243.42606978721898,33.0,historical
2014-11-06,99.02534931378685,-29.890348656668078,226.648081844729,37.0,historical
2014-11-07,107.79381751963291,-18.30064500267037,233.44050080029615,82.0,historical
2014-11-08,155.51164126278678,23.90049373555673,276.16227724852286,542.0,historical
2014-11-09,105.65511755276728,-22.560142411546003,245.59939685160774,239.0,historical
2014-11-10,72.30814720339141,-50.96583735590558,206.04759193477435,51.0,historical
2014-11-11,64.11096950997332,-64.66866942561556,190.60133502200975,51.0,historical
2014-11-12,82.0403282020824,-52.659638985018375,203.18479819379485,41.0,historical
2014-11-13,59.950514443655,-64.99487083041443,193.45563061679218,1.0,historical
2014-11-14,65.0172036622496,-60.607575597030596,189.4348457817808,0.0,historical
2014-11-15,109.61486993058145,-13.4448312267972,229.71859812370877,1.0,historical
2014-11-16,57.29719453825678,-71.0426468815782,192.34981947219015,0.0,historical
2014-11-17,22.21323322782856,-105.54347067982418,138.35779569400412,0.0,historical
2014-11-18,13.054459965956568,-116.22075798127617,130.8342097341165,7.0,historical
2014-11-19,30.83353967365038,-98.26708171543515,157.82250692565037,1.0,historical
2014-11-20,9.42431226345547,-110.90410630432763,131.52875487755452,4.0,historical
2014-11-21,16.00493358621825,-113.5290261437876,138.34447935048556,1.0,historical
2014-11-22,62.93497732807024,-58.260516089748194,190.68953159636882,1.0,historical
2014-11-23,13.735925752359115,-108.7339369074549,139.80998680926245,2.0,historical
2014-11-24,-17.492184359668535,-150.54071433119353,102.13362182419064,0.0,historical
2014-11-25,-22.12285029444385,-154.83906422540204,116.45562321310094,0.0,historical
2014-11-26,0.7769089772848972,-136.218108632475,134.13336907321207,0.0,historical
2014-11-27,-15.01187740097069,-146.587208498481,125.40734748533185,0.0,historical
2014-11-28,-2.415093627097839,-132.4771861166979,126.28737506951167,0.0,historical
2014-11-29,50.813732229029064,-82.17286646975826,166.89436638065058,0.0,historical
2014-11-30,8.07630806120455,-113.38253016821588,129.92936929617628,0.0,historical
2014-12-01,-16.651219634603486,-144.36049947862836,110.5313591692523,0.0,historical
2014-12-02,-14.867688126209089,-135.1721243339824,116.10389899399071,0.0,historical
2014-12-03,14.281235869800817,-113.25304447031561,143.93767400517808,0.0,historical
2014-12-04,4.411046006569769,-113.72683250823464,122.05717229537719,0.0,historical
2014-12-05,22.482341662287297,-97.45844545336732,149.32929014346416,0.0,historical
2014-12-06,80.63715973550228,-49.266295860943565,211.70825814766013,0.0,historical
2014-12-07,42.18415029400332,-85.50394726556173,173.3053114578297,0.0,historical
2014-12-08,21.01982842472046,-103.5278442793611,152.61224374298558,0.0,historical
2014-12-09,25.580907134863224,-107.56985772909883,150.62226777190202,0.0,historical
2014-12-10,56.62844535955454,-67.0315090473131,185.83214679419328,0.0,historical
2014-12-11,47.793172482364106,-76.83423556902943,177.69715552629972,0.0,historical
2014-12-12,66.02381429414088,-55.152874051334194,199.7863672249791,0.0,historical
2014-12-13,123.46910684345607,-1.8585374400845718,256.5209412567264,0.0,historical
2014-12-14,83.46281434760783,-39.714356497425044,206.4250294774688,0.0,historical
2014-12-15,59.94441426850442,-73.82248245446573,182.95740565179707,0.0,historical
2014-12-16,61.410467485483466,-83.93797910781694,193.32565674641856,49.0,historical
2014-12-17,88.6974297832552,-41.91540002530803,215.92824878042344,157.0,historical
2014-12-18,75.52529674700216,-46.397085696771185,208.32220772353287,193.0,historical
2014-12-19,88.94394546607346,-37.8013595689776,229.03420437424762,94.0,historical
2014-12-20,141.21290482682718,5.009382047407545,263.5405832490969,135.0,historical
2014-12-21,95.78392166946384,-31.552351899557337,227.94992503952594,118.0,historical
2014-12-22,66.71904158485587,-63.27434722333142,194.86830310939317,18.0,historical
2014-12-23,62.63928120362351,-67.94406300286259,197.924734210592,0.0,historical
2014-12-24,84.50470899186982,-43.34199487915632,211.23784821784227,14.0,historical
2014-12-25,66.15538790766296,-50.416952239779036,194.31221433128098,0.0,historical
2014-12-26,74.75510362054146,-51.425199265404956,215.28152319824503,20.0,historical
2014-12-27,122.6686680538719,-5.434601012885859,251.06363642474085,42.0,historical
2014-12-28,73.44221984956421,-51.54964919883353,195.049219954498,45.0,historical
2014-12-29,41.21928999486795,-98.37442485315435,171.23576050143149,55.0,historical
2014-12-30,34.6877529649438,-91.87801786668605,164.37033454840287,59.0,historical
2014-12-31,54.858516990929544,-75.55873746449467,177.70021878866794,11.0,historical
2015-01-01,35.605435715220565,-95.4870976457119,157.9427688447934,0.0,historical
2015-01-02,44.133654332902225,-91.21678964584821,164.91866537329145,77.0,historical
2015-01-03,92.78084810865636,-29.62451768848916,222.44701890705062,60.0,historical
2015-01-04,45.07346560834583,-89.64004462902048,183.4795126495846,1.0,historical
2015-01-05,15.118051469769924,-106.56411220945682,135.91216680705614,69.0,historical
2015-01-06,11.549098488332497,-119.23557370748141,139.38662581699586,98.0,historical
2015-01-07,35.308991237844154,-87.47469886094483,162.9081581052298,119.0,historical
2015-01-08,20.189493226003997,-109.31410853330631,146.66735283810272,93.0,historical
2015-01-09,33.276684795934486,-84.64585163720191,165.208949444259,92.0,historical
2015-01-10,86.83011039382959,-48.82706910707422,219.80033233574736,112.0,historical
2015-01-11,44.26551187892182,-85.70622089761183,166.18766727235115,96.0,historical
2015-01-12,19.573858528589902,-113.614554406099,143.6326536667312,93.0,historical
2015-01-13,21.271725275385542,-107.6004468944713,149.69383941763695,65.0,historical
2015-01-14,50.18379438883292,-79.09523682756686,182.69860616663817,100.0,historical
2015-01-15,39.98687672800884,-84.18057129466924,167.74370347750903,51.0,historical
2015-01-16,57.657305041882054,-76.90220380509982,188.78621933812147,55.0,historical
2015-01-17,115.35240554235583,-8.157483461453605,244.9550168812618,71.0,historical
2015-01-18,76.39537548382863,-57.9013826236862,211.1314270738983,57.0,historical
2015-01-19,54.696232957579525,-85.91189587910411,169.74942261258062,34.0,historical
2015-01-20,58.703851397476924,-75.54721601287912,190.1285847517216,47.0,historical
2015-01-21,89.18982115102109,-45.071355741172596,210.1309351274369,88.0,historical
2015-01-22,79.79350820530361,-49.30057207353836,205.4454962863621,51.0,historical
2015-01-23,97.47014378782634,-32.705763363749455,235.91495758094268,49.0,historical
2015-01-24,154.3726398979876,21.326126881066394,282.1623049005086,110.0,historical
2015-01-25,113.83645504434236,-6.707215936383992,230.40895829195708,30.0,historical
2015-01-26,89.80018061337688,-35.35760974245684,223.21586997879297,59.0,historical
2015-01-27,90.75687203820665,-46.270624883352845,218.4033463916512,97.0,historical
2015-01-28,117.5368858908852,-11.045494411614516,253.37358373513308,155.0,historical
2015-01-29,103.8516183322562,-11.160925415741493,227.4504338616086,125.0,historical
2015-01-30,116.74000991041845,-21.341559446049395,238.17345043255972,100.0,historical
2015-01-31,168.448548198766,38.12647857862052,296.9153386518544,211.0,historical
2015-02-01,122.41414344368327,0.8551473205100558,256.5616670824963,88.0,historical
2015-02-02,92.68254097073806,-30.56776206562316,227.94829104325362,114.0,historical
2015-02-03,87.85744254993581,-40.98083987791984,219.32046165113044,89.0,historical
2015-02-04,108.88104411953715,-13.840093796552226,226.23909198234023,118.0,historical
2015-02-05,89.57548423175638,-41.637569017661725,227.38537786115324,84.0,historical
2015-02-06,97.08710551723415,-29.19386960303081,228.15546707787578,125.0,historical
2015-02-07,143.76430644333652,17.528531424543775,273.59326106945036,184.0,historical
2015-02-08,93.1383915676217,-33.909450703323444,234.9636518681792,107.0,historical
2015-02-09,59.34017454528366,-62.93247729301551,189.8955446327472,70.0,historical
2015-02-10,51.04744005970703,-76.92233248492609,176.05261041286306,66.0,historical
2015-02-11,69.26410427203317,-56.163147865465895,192.3302965628991,89.0,historical
2015-02-12,47.860542607167346,-77.5470866002994,177.29225880396362,50.0,historical
2015-02-13,54.01701671646611,-77.19999975653207,182.04745804861764,20.0,historical
2015-02-14,100.10099114773594,-38.232320150429246,232.96346103397593,77.0,historical
2015-02-15,49.64775488868108,-86.73353136895506,176.85591818686208,33.0,historical
2015-02-16,16.777102681182036,-109.06556606346145,151.73412445561365,47.0,historical
2015-02-17,10.141176690099357,-115.66240874156931,142.72871378053313,35.0,historical
2015-02-18,30.704296534640626,-97.4616894682271,152.4509112402698,60.0,historical
2015-02-19,12.284229248431217,-113.66961966525284,134.60272172082531,31.0,historical
2015-02-20,21.996808530626986,-101.43544019778564,140.8991930891163,35.0,historical
2015-02-21,72.13466666978796,-60.27137022256046,193.9736698278265,80.0,historical
2015-02-22,26.14946308229606,-109.82410139224959,162.00223159332722,42.0,historical
2015-02-23,-1.9296702258187963,-131.6000471463627,122.00729123604243,23.0,historical
2015-02-24,-3.5464029186999255,-143.50616793525447,124.19822462118141,19.0,historical
2015-02-25,22.164588611966238,-108.85250614391069,161.94534252771805,18.0,historical
2015-02-26,8.920896808882055,-125.52282356220209,139.53692170136665,37.0,historical
2015-02-27,23.73900809043652,-96.23520323832271,162.39892048268246,50.0,historical
2015-02-28,78.8150010763633,-44.94094247076804,208.69896510902402,127.0,historical
2015-03-01,37.50866327171586,-96.49458920970224,164.21009958254226,123.0,historical
2015-03-02,13.763709970103498,-112.97334613874938,142.86166507401947,44.0,historical
2015-03-03,16.059148694031443,-121.42458428909049,143.79770817100953,22.0,historical
2015-03-04,45.192478583197335,-83.87876620231825,166.0155998108128,31.0,historical
2015-03-05,34.8242474746153,-101.09536642483042,161.5993790265784,22.0,historical
2015-03-06,51.92567531368728,-76.61722472192281,176.39379695838426,40.0,historical
2015-03-07,108.66011874835282,-20.073725803003942,228.53389468649277,62.0,historical
2015-03-08,68.36769581532194,-52.81640525080048,192.13087977494598,59.0,historical
2015-03-09,44.985746961094534,-88.17558398078911,180.60419207621405,28.0,historical
2015-03-10,47.00015965076798,-86.01855107192891,176.34331229412172,68.0,historical
2015-03-11,75.22831792441858,-47.370754743251595,199.6267499761643,73.0,historical
2015-03-12,63.363069744504266,-65.91229940180347,188.8122649808664,87.0,historical
2015-03-13,78.41957175959988,-50.715651945604556,212.4676594767854,175.0,historical
2015-03-14,132.61573498419224,9.674490980512187,260.38136717525754,300.0,historical
2015-03-15,89.35562599558774,-27.672922815629715,225.89410016092455,196.0,historical
2015-03-16,62.64852561461479,-54.56740970687921,194.38894469333817,123.0,historical
2015-03-17,61.058701336885406,-72.57986445098689,178.73467392749768,168.0,historical
2015-03-18,85.48668663948959,-36.91417710880095,202.2047573793227,209.0,historical
2015-03-19,69.71149388251055,-62.31999485670423,202.35202021139884,188.0,historical
2015-03-20,80.83565578828863,-44.444609803718436,204.20975090629287,219.0,historical
2015-03-21,131.16385514194116,9.924336690058071,267.69676381587783,381.0,historical
2015-03-22,84.1845335772405,-41.54337232968365,211.17632570600222,158.0,historical
2015-03-23,53.98721708827542,-81.6632873305709,179.4419481902195,12.0,historical
2015-03-24,49.21064895751179,-80.28069189639152,176.03016465381467,8.0,historical
2015-03-25,70.82255573542572,-50.09785256086369,203.80617727018304,10.0,historical
2015-03-26,52.66050297229003,-67.32028845926818,179.84445154406657,88.0,historical
2015-03-27,61.875762558628196,-65.36323865915217,199.33445784706888,196.0,historical
2015-03-28,110.81097457475714,-18.025239067899882,249.8029249712691,206.0,historical
2015-03-29,62.981013691648684,-70.02585445242606,191.76685933096155,83.0,historical
2015-03-30,32.48981248596412,-96.83367849036402,156.50762292124583,0.0,historical
2015-03-31,27.978242339387826,-103.68620434019789,148.42200014996828,0.0,historical
2015-04-01,50.40388256531453,-72.74848018571407,182.4165355166756,27.0,historical
2015-04-02,33.58213438936244,-94.7907886022888,156.25055021542434,27.0,historical
2015-04-03,44.63059653918637,-87.02593371480894,172.39894198428232,54.0,historical
2015-04-04,95.84747502389034,-35.68204023179479,225.75130658213678,136.0,historical
2015-04-05,50.69342223012279,-79.71423333007387,175.2747050045692,55.0,historical
2015-04-06,23.209538010634574,-105.78950384190027,144.9518571019921,22.0,historical
2015-04-07,21.96660958471788,-107.99443759503964,155.14279036541785,30.0,historical
2015-04-08,47.84639326361015,-79.74736266421104,178.96909408969597,30.0,historical
2015-04-09,34.58436374339369,-85.34616998938701,166.25522822123372,30.0,historical
2015-04-10,49.215814099354176,-79.18741576618999,174.02647468558806,44.0,historical
2015-04-11,103.95604362693547,-26.683926772046625,236.34543417331685,39.0,historical
2015-04-12,62.183991656028034,-66.38293361593091,187.1510634859427,57.0,historical
2015-04-13,37.86201263799972,-89.48887330065529,164.02780851152613,30.0,historical
2015-04-14,39.486832065247306,-90.89320831672731,165.7283892830179,47.0,historical
2015-04-15,67.87244994437373,-61.436534500090644,197.0014639366289,74.0,historical
2015-04-16,56.694382983749136,-67.12696442531855,181.89577760513419,114.0,historical
2015-04-17,72.93709649637475,-47.91194567326617,190.75326385131973,40.0,historical
2015-04-18,128.7753341643719,-3.6697570936883865,261.4809873576364,62.0,historical
2015-04-19,87.55867856417362,-37.42264712934695,208.46820190892123,62.0,historical
2015-04-20,63.23201686950002,-60.10975424680901,186.62444250041113,135.0,historical
2015-04-21,64.28693523223833,-55.37198941251695,197.40217598164236,175.0,historical
2015-04-22,91.54479771934228,-37.272386275751145,223.5408761109041,82.0,historical
2015-04-23,78.70089562823986,-54.2650633142488,201.83509679712049,62.0,historical
2015-04-24,92.77151851964163,-37.105661818210976,215.30550920977794,88.0,historical
2015-04-25,145.9746611815302,21.654791078202184,266.62119724731747,152.0,historical
2015-04-26,101.71371115929182,-28.957014064852615,228.42552396615795,64.0,historical
2015-04-27,73.99680847780023,-57.20748087823417,205.7030744916692,67.0,historical
2015-04-28,71.3869234295889,-54.20810753606818,194.69168981778947,73.0,historical
2015-04-29,94.78343541752874,-20.078034285421975,228.92152966158494,130.0,historical
2015-04-30,77.96462998649189,-54.47774365576953,210.353709052358,115.0,historical
2015-05-01,88.03300025270019,-34.773099474167104,214.87753220110378,260.0,historical
2015-05-02,137.30172355888513,4.918041803978074,268.52370928515234,228.0,historical
2015-05-03,89.25360325351795,-47.46556171978016,208.8989422431862,120.0,historical
2015-05-04,57.981397139390836,-73.35283609282325,177.85904752089522,31.0,historical
2015-05-05,52.128430730328205,-75.5224338028968,184.00885248255696,0.0,historical
2015-05-06,72.6684134202426,-52.740652571228146,198.3750166357198,3.0,historical
2015-05-07,53.44629490444927,-73.80662478690296,182.2569978296222,0.0,historical
2015-05-08,61.62208476375142,-68.0902155266721,193.62725137150997,0.0,historical
2015-05-09,109.54842058344474,-9.974325368141276,235.17714130209285,0.0,historical
2015-05-10,60.75129841013857,-74.11123252152274,199.20397044953273,0.0,historical
2015-05-11,29.346722799102672,-93.97612507462087,157.43522987867544,1.0,historical
2015-05-12,23.98838291613354,-105.737034666079,143.52830751061407,0.0,historical
2015-05-13,45.64719185067301,-72.19604845791002,174.71716332419788,1.0,historical
2015-05-14,28.152152737424935,-90.96321223189449,156.54809630518423,1.0,historical
2015-05-15,38.63447557053531,-85.75318041937705,179.2991090406396,1.0,historical
2015-05-16,89.40572458217825,-38.752487591499126,209.2394320204269,0.0,historical
2015-05-17,43.9393981021591,-87.11851459992923,165.58057145499217,0.0,historical
2015-05-18,16.28868008413037,-110.04276025710216,145.83094662756673,0.0,historical
2015-05-19,15.035445906993267,-111.17249465444615,139.83243445051636,1.0,historical
2015-05-20,41.07133044096417,-80.25939235411124,175.48966343185901,0.0,historical
2015-05-21,28.140288169906924,-103.77436571993945,164.65479055127386,0.0,historical
2015-05-22,43.28453152334172,-89.84021799473531,172.27230071405228,0.0,historical
2015-05-23,98.72458651948756,-36.75949519906545,227.80192265955526,0.0,historical
2015-05-24,57.842824722979586,-74.25128085750796,182.7640670681701,0.0,historical
2015-05-25,34.60316666498227,-83.94785270283643,167.30766920532434,0.0,historical
2015-05-26,37.50199516855887,-93.96956172494518,156.92828975848877,0.0,historical
2015-05-27,67.35104332837682,-60.583740617058794,190.07067057498224,0.0,historical
2015-05-28,57.82164562697808,-67.71063581118835,180.18730154380847,0.0,historical
2015-05-29,75.89219995303377,-47.12189316623742,207.6680164550991,0.0,historical
2015-05-30,133.72954506530934,3.158857045209616,263.6982759252553,0.0,historical
2015-05-31,94.67358262215379,-36.35662049771311,217.51452892363773,0.0,historical
2015-06-01,72.70356486325348,-53.55739306252432,201.75753395894537,0.0,historical
2015-06-02,76.25231568969183,-53.609264377345404,206.37275214435965,0.0,historical
2015-06-03,106.12664222379028,-25.389128261160586,245.18815593939107,0.0,historical
2015-06-04,96.0058156407593,-30.479243031733283,220.04662872773244,0.0,historical
2015-06-05,112.88872282736843,-16.89631773344263,244.27408522975176,168.0,historical
2015-06-06,168.97465143857988,43.12792070016848,293.4200806669126,201.0,historical
2015-06-07,127.64705261684628,2.587186533804833,251.51482555350907,147.0,historical
2015-06-08,102.89297348861592,-28.081650513655877,231.2560474680958,119.0,historical
2015-06-09,103.25320665736012,-28.06995476071458,222.80620025746427,122.0,historical
2015-06-10,129.603941814322,15.046496611176861,251.1868318156225,149.0,historical
2015-06-11,115.69933944474856,-10.220949506447916,239.7577597507915,111.0,historical
2015-06-12,128.61691625549673,-11.053324520862036,256.85451835656283,95.0,historical
2015-06-13,180.63649808611143,53.06647751657646,310.7205142729795,237.0,historical
2015-06-14,135.22212875382132,0.9693478635622483,270.8379940627996,110.0,historical
2015-06-15,106.43967148792169,-20.936200775234266,236.30474668650243,104.0,historical
2015-06-16,102.90519395831593,-22.92173906139101,220.36974943565875,61.0,historical
2015-06-17,125.56496398226889,0.7864870409014806,250.56106501264046,40.0,historical
2015-06-18,108.23651497957201,-15.041959457881608,243.8872784047875,114.0,historical
2015-06-19,118.05270606456597,-4.3273625872737425,241.84026109995548,129.0,historical
2015-06-20,167.33956309444642,44.74485319706238,287.24531039654477,111.0,historical
2015-06-21,119.59731422604989,-8.902776789937365,247.91514031950612,146.0,historical
2015-06-22,88.91737566383257,-45.073003699116676,210.79044827754342,57.0,historical
2015-06-23,83.93039109726227,-53.219624631386054,208.619988619094,19.0,historical
2015-06-24,105.58615757239713,-23.684484942281333,232.49431743617365,27.0,historical
2015-06-25,87.69489557374345,-35.47827296959304,221.12984460143167,62.0,historical
2015-06-26,97.37178000907706,-26.642136772182358,225.39033087821744,95.0,historical
2015-06-27,146.9155035520768,17.12587839710616,279.6861511571984,183.0,historical
2015-06-28,99.7902647630224,-29.335231717915313,224.92596582982478,94.0,historical
2015-06-29,70.04390982769456,-53.1672193338779,192.83917676845383,116.0,historical
2015-06-30,66.25729957920848,-62.526960204390136,200.75335729076767,63.0,historical
2015-07-01,89.33366830492179,-38.940846995483284,224.1720992544241,147.0,historical
2015-07-02,73.01754410630294,-51.24647642293992,196.2774191895834,101.0,historical
2015-07-03,84.3648036870704,-50.92348241767885,208.84389228653245,248.0,historical
2015-07-04,135.61489291583268,15.058415223180257,267.7417895884788,142.0,historical
2015-07-05,90.17441186160109,-45.82795645762264,219.3040874070556,186.0,historical
2015-07-06,62.03678196794098,-69.88284366752147,192.7508528581391,109.0,historical
2015-07-07,59.73302779851827,-64.3598674530565,183.5213507188246,228.0,historical
2015-07-08,84.11443406567945,-32.63377249951563,224.18273376064508,66.0,historical
2015-07-09,68.89646460016957,-58.845637696306056,194.22538546772216,182.0,historical
2015-07-10,81.10579159682176,-45.358089812492,211.23946776634045,1.0,historical
2015-07-11,132.96114276081326,5.4094402999151745,254.5670195434609,64.0,historical
2015-07-12,87.85730112375283,-43.47339702954626,215.1893356929599,118.0,historical
2015-07-13,59.784936375467986,-69.1616180712395,187.0390552315639,55.0,historical
2015-07-14,57.281298311276686,-58.784826253671724,190.51258586673077,43.0,historical
2015-07-15,81.21253804896755,-46.03108947373345,207.8645455348002,95.0,historical
2015-07-16,65.31705521869081,-68.52152693513477,187.19033896392625,54.0,historical
2015-07-17,76.65173728141563,-55.60779078331443,192.53731407341755,85.0,historical
2015-07-18,127.47182218532002,-0.06748135753501833,250.49381295555014,92.0,historical
2015-07-19,81.21374781864724,-47.207853684130534,209.60789826658603,61.0,historical
2015-07-20,51.91370011537493,-79.15402646443465,175.84773176578545,111.0,historical
2015-07-21,48.15692681971714,-83.68084705400936,174.3446703873997,7.0,historical
2015-07-22,70.85862138509997,-58.28595727248413,194.67118345455518,4.0,historical
2015-07-23,53.80581537136372,-77.68073252999223,187.47397725420973,66.0,historical
2015-07-24,64.10218590972406,-63.953315942461664,194.0852219030856,95.0,historical
2015-07-25,114.0465490057891,-12.159944748878576,242.38648303737276,190.0,historical
2015-07-26,67.11443977685803,-55.818365389971234,203.4112214085481,60.0,historical
2015-07-27,37.37552616701036,-93.69975280177293,155.01477597640672,42.0,historical
2015-07-28,33.44195395439034,-96.99004085611975,160.22257999719093,79.0,historical
2015-07-29,56.24845360935855,-59.525793251320444,189.91079590372453,109.0,historical
2015-07-30,39.59473362037052,-84.24058908628999,161.3484382932771,165.0,historical
2015-07-31,50.58675367211783,-73.57508200464605,175.92787535550343,99.0,historical
2015-08-01,101.51831256092737,-25.429878611550915,232.706883510494,233.0,historical
2015-08-02,55.8516979557023,-85.36350653754354,181.16245433716813,16.0,historical
2015-08-03,27.635467609462744,-92.49619647520451,146.27568524151593,2.0,historical
2015-08-04,25.453382987531263,-103.76817443493954,158.29499993672826,5.0,historical
2015-08-05,50.20530848008683,-76.75820901722977,169.96627120033412,22.0,historical
2015-08-06,35.649512218858504,-90.55464081361254,167.47483826816153,8.0,historical
2015-08-07,48.84826177264191,-79.82576614488703,183.3462225744039,65.0,historical
2015-08-08,102.04746166068776,-33.0620488284272,222.01661734966822,157.0,historical
2015-08-09,58.65970009111158,-70.3233549778352,182.7409845360409,65.0,historical
2015-08-10,32.68340889612125,-89.32721843325896,156.26591459492215,90.0,historical
2015-08-11,32.653184213799705,-96.89471622436776,166.11759665745672,3.0,historical
2015-08-12,59.42204195778054,-64.62194150007808,177.88846520616906,5.0,historical
2015-08-13,46.70500590887973,-74.16892521357335,174.18719255631967,1.0,historical
2015-08-14,61.52588554639998,-68.52124634071377,190.71271142643954,65.0,historical
2015-08-15,116.09795742007447,-12.872910851791552,242.58290386065147,235.0,historical
2015-08-16,73.80788829686848,-53.50376762294942,201.35446011075211,76.0,historical
2015-08-17,48.63557964400511,-77.68583459055318,179.35514173247134,2.0,historical
2015-08-18,49.10496205188482,-79.16212859184182,167.91360311684903,101.0,historical
2015-08-19,76.06650066869834,-52.76258572621379,204.64312551271783,162.0,historical
2015-08-20,63.24080287097404,-62.47743719915656,194.00083211541505,25.0,historical
2015-08-21,77.66518520188359,-50.86550091030527,209.3975628130445,4.0,historical
2015-08-22,131.57391984348894,5.443608324265975,257.0317401233941,1.0,historical
2015-08-23,88.3815116683492,-36.90961871886441,215.11788284237838,75.0,historical
2015-08-24,62.10170425112916,-65.96983719858036,188.42229155910482,32.0,historical
2015-08-25,61.29726772808422,-62.911171135167294,175.5220983209559,76.0,historical
2015-08-26,86.86135865064094,-44.143844925782,212.83122377207852,6.0,historical
2015-08-27,72.55987609830257,-54.898443802614885,197.05203795319426,65.0,historical
2015-08-28,85.47670716293251,-60.79869488130494,215.06367630804556,145.0,historical
2015-08-29,137.89337440285095,13.978606766193199,271.5426579813227,78.0,historical
2015-08-30,93.26870416185857,-29.032540716325084,217.54529368503424,6.0,historical
2015-08-31,65.65879537154304,-60.90491483055025,193.8678819251158,0.0,historical
2015-09-01,63.664836944896706,-64.61360590413558,189.90968197298199,126.0,historical
2015-09-02,88.2133703365113,-38.928033303104236,208.28651060857464,240.0,historical
2015-09-03,73.09769918606955,-59.30195050060526,195.0479268403875,67.0,historical
2015-09-04,85.4223667712087,-47.081809469211365,211.08761084555647,140.0,historical
2015-09-05,137.48148216514429,6.713986000358548,272.5534010924551,208.0,historical
2015-09-06,92.74030198827268,-33.22640180223518,205.75271555454714,76.0,historical
2015-09-07,65.2528155629717,-61.364503440603556,178.5111750356944,240.0,historical
2015-09-08,63.610427965014736,-63.52331744901588,193.247734716149,52.0,historical
2015-09-09,88.7225636622604,-39.74497025521878,216.5955020490405,111.0,historical
2015-09-10,74.35863754865844,-51.61324758537676,199.0947698015984,176.0,historical
2015-09-11,87.59329832857644,-34.64065709885586,222.72852287777448,84.0,historical
2015-09-12,140.68570338128092,12.761785152188892,270.22170378478074,171.0,historical
2015-09-13,97.06220481158783,-32.60619183860146,217.93174327209672,102.0,historical
2015-09-14,70.7351626539551,-67.15226232636608,200.2872120367106,69.0,historical
2015-09-15,70.2529440956263,-52.495949055377714,206.8941874012497,77.0,historical
2015-09-16,96.48189299507445,-28.241370602178776,215.52671856356352,174.0,historical
2015-09-17,83.14967637833759,-33.21136162246028,214.79343871299568,69.0,historical
2015-09-18,97.2918721691878,-34.861340932988085,222.4803461778113,52.0,historical
2015-09-19,151.1325171628151,24.454066386863463,274.6838309971483,42.0,historical
2015-09-20,108.06795656087515,-16.888441185483252,236.21565690448875,1.0,historical
2015-09-21,82.08667548559063,-44.01354182301252,205.53486734967305,62.0,historical
2015-09-22,81.7201396599412,-39.765314124014346,213.5870288863528,88.0,historical
2015-09-23,107.82540266316147,-13.693935601051654,247.96686218116653,60.0,historical
2015-09-24,94.12886519179658,-25.23626108972324,220.1730428024,2.0,historical
2015-09-25,107.67303559435535,-22.64971980788412,231.2484739586323,3.0,historical
2015-09-26,160.6970024640612,25.948222591967266,288.97879365784456,9.0,historical
2015-09-27,116.61995942854166,-21.854622465393344,247.9401924332973,142.0,historical
2015-09-28,89.4669426725803,-41.44348035868116,216.9428088599499,90.0,historical
2015-09-29,87.7994507329142,-32.64755286910057,226.4930591388797,20.0,historical
2015-09-30,112.51646516926911,-16.945649617458276,242.49616656464391,37.0,historical
2015-10-01,97.39054225214586,-32.34474890862895,225.94873121586733,86.0,historical
2015-10-02,109.51322734833865,-14.786400769747903,244.13738134051945,166.0,historical
2015-10-03,161.17406515653192,34.851142488805706,284.1402543721019,391.0,historical
2015-10-04,115.84258627369744,-13.892077403350209,247.8330594008906,56.0,historical
2015-10-05,87.5859995713045,-40.90013766928468,217.68896043236123,64.0,historical
2015-10-06,85.01767527189045,-36.34090691055506,219.96975614604602,35.0,historical
2015-10-07,109.07724095657267,-24.92628369729239,229.81988454708744,40.0,historical
2015-10-08,93.57174614464567,-28.074234730805212,223.67375477314545,21.0,historical
2015-10-09,105.61981842273477,-26.81886474998144,230.7447890700894,42.0,historical
2015-10-10,157.52959708500865,37.52837131681013,280.8119209748372,95.0,historical
2015-10-11,112.77985901337215,-22.300681435036655,247.97792711320668,85.0,historical
2015-10-12,85.43709509693798,-50.524923298540294,210.91371740243466,140.0,historical
2015-10-13,84.10364461334413,-43.73334868033538,215.15287166519835,80.0,historical
2015-10-14,109.69772534897994,-19.10611439888407,233.66613541330113,91.0,historical
2015-10-15,95.99482313826235,-28.747074853961372,232.58760158702103,65.0,historical
2015-10-16,110.07236401261557,-16.21968140196116,231.19465921226617,166.0,historical
2015-10-17,164.1884472019111,30.384904819953178,303.15126990235245,137.0,historical
2015-10-18,121.76403815680804,-9.099276674520105,250.89566479014445,174.0,historical
2015-10-19,96.8013568161255,-22.872414247435714,226.231905687698,120.0,historical
2015-10-20,97.83353846125141,-31.943689432827075,231.20883478865986,93.0,historical
2015-10-21,125.70636856699164,-3.5127002657470894,257.75435794860476,100.0,historical
2015-10-22,114.12151355535315,-18.52398373065138,248.01604605508558,137.0,historical
2015-10-23,130.0831245146747,4.369276481264101,260.48948872403037,241.0,historical
2015-10-24,185.77854279897258,64.20282709142644,318.0601059088043,113.0,historical
2015-10-25,144.56245542497052,15.447184247143888,279.0346328259923,257.0,historical
2015-10-26,120.37718363943297,-7.8978712833718845,252.50110483425703,166.0,historical
2015-10-27,121.70413090426985,-4.9674040253294205,255.75381798387187,162.0,historical
2015-10-28,149.34718050250123,17.2943406520609,273.82907385102175,247.0,historical
2015-10-29,136.97723021643088,19.04050938760407,265.7232876032696,70.0,historical
2015-10-30,151.58007801230178,32.200837636453656,274.4328101593927,139.0,historical
2015-10-31,205.337974721917,84.87194851080689,332.4086940733653,195.0,historical
2015-11-01,161.61435215157357,31.021568164509826,290.50183194317276,206.0,historical
2015-11-02,134.3743514034814,7.6294115099149336,266.5610856112378,268.0,historical
2015-11-03,132.13616504911727,0.9202884755848874,272.4631340630139,59.0,historical
2015-11-04,155.75394159191382,22.69441255035503,282.6007573762033,99.0,historical
2015-11-05,138.96163339681755,22.361268159288155,263.3409405511107,63.0,historical
2015-11-06,148.81963786381613,22.45460701056827,281.60418885997524,77.0,historical
2015-11-07,197.59494780111908,60.4333434153558,321.3171548810457,232.0,historical
2015-11-08,148.74416078239256,18.508658419659046,272.9411468533094,157.0,historical
2015-11-09,116.3320476988816,-14.957846766762161,236.06012926019142,107.0,historical
2015-11-10,108.98073830055344,-21.17166923189454,240.15558962276688,57.0,historical
2015-11-11,127.65032179427868,6.303442044955231,256.1058698724718,95.0,historical
2015-11-12,106.18029757260703,-24.645186821666794,235.67589001809432,86.0,historical
2015-11-13,111.73378271545275,-14.077424440140497,234.9186478923029,102.0,historical
2015-11-14,156.67525064415636,20.489597922841366,286.199113275196,184.0,historical
2015-11-15,104.55120926887403,-20.211156729173297,241.86083976677014,138.0,historical
2015-11-16,69.50657605529491,-61.26386518580134,201.28593201475772,106.0,historical
2015-11-17,60.23186226500214,-63.672020071949454,200.2716239605227,89.0,historical
2015-11-18,77.74201476440606,-50.85715906084642,200.39880526812257,107.0,historical
2015-11-19,55.91639539790704,-70.47772226730854,177.27947928909708,78.0,historical
2015-11-20,61.94184294102261,-63.378156689421175,189.48801451440693,185.0,historical
2015-11-21,108.18962285519619,-18.16472964652469,236.24199349880314,151.0,historical
2015-11-22,58.19569568457907,-67.22983158441545,192.34743955286305,97.0,historical
2015-11-23,26.077075082159908,-102.03387144101085,148.75245700537926,76.0,historical
2015-11-24,20.479391964873173,-118.23720453657822,149.0195147746733,140.0,historical
2015-11-25,42.3565079579699,-88.39123432488475,171.65644432505,137.0,historical
2015-11-26,25.51164350456905,-94.94944343411471,159.15666367230241,84.0,historical
2015-11-27,37.042133116380896,-91.69393321776286,163.7186374057401,0.0,historical
2015-11-28,89.21762491614422,-38.33556053457934,216.46190525573914,7.0,historical
2015-11-29,45.46302691065261,-89.4454838248161,164.4456256118393,5.0,historical
2015-11-30,19.777012427952954,-99.2372406988495,141.8594185168669,22.0,historical
2015-12-01,20.682104374991397,-98.9364939629327,138.0517756624977,36.0,historical
2015-12-02,49.00693314338204,-88.4850806372131,181.2126357134625,36.0,historical
2015-12-03,38.430073220144834,-84.37941684055059,168.4023401630579,38.0,historical
2015-12-04,55.92731778300042,-71.69640465975176,188.0367628462862,95.0,historical
2015-12-05,113.65310198809163,-15.220131111732357,239.0960840514893,108.0,historical
2015-12-06,74.92540472357184,-56.21868176836181,204.77798597683406,70.0,historical
2015-12-07,53.646794586708296,-70.82830216074812,188.29407405433054,78.0,historical
2015-12-08,58.256629683693774,-62.727601450895136,186.09862592464557,77.0,historical
2015-12-09,89.51514837342901,-37.32226779263915,218.30410820736847,76.0,historical
2015-12-10,81.04881366700091,-46.275289871736774,202.95436836093526,59.0,historical
2015-12-11,99.79873573550327,-23.50340877409482,228.72137552157298,42.0,historical
2015-12-12,157.90285673735082,37.5132127032792,280.8296552924628,142.0,historical
2015-12-13,118.68121018208241,-4.3050385167051415,239.52259251898658,116.0,historical
2015-12-14,96.05691237567267,-28.28407338368291,223.44725319450805,57.0,historical
2015-12-15,98.50789684237844,-37.1790049105394,220.63401966968328,167.0,historical
2015-12-16,126.85013959775785,-7.716525176263075,253.6612943238274,154.0,historical
2015-12-17,114.78175792075352,-12.291729775490474,235.60072992943242,139.0,historical
2015-12-18,129.3298356961114,0.20116206926219254,263.5146568989716,192.0,historical
2015-12-19,182.73069614410872,52.332971811762896,306.53307974352754,295.0,historical
2015-12-20,138.41297786707145,20.14802528846865,265.4212073950801,311.0,historical
2015-12-21,110.4162215276793,-20.85581889786055,226.23560112243655,251.0,historical
2015-12-22,107.34003270258003,-23.461847270467093,232.3071453581283,377.0,historical
2015-12-23,130.1246270215624,8.298148872383166,263.4129126123234,410.0,historical
2015-12-24,112.59220070232755,-15.237154383401531,231.34971800665917,161.0,historical
2015-12-25,121.89104082390946,-0.8136707856919501,256.4338301439041,0.0,historical
2015-12-26,170.37315683548542,44.75371970771137,295.56553282667414,212.0,historical
2015-12-27,121.61598456086969,-9.131499639933402,250.9649629046139,106.0,historical
2015-12-28,89.71524212509306,-47.11382598610673,215.42548113826976,100.0,historical
2015-12-29,83.35542062667528,-46.80461325206571,211.84572350572722,9.0,historical
2015-12-30,103.54739426060505,-24.93440962692815,225.7887364284456,0.0,historical
2015-12-31,84.16831464740658,-38.40309787522484,216.13740358120737,0.0,historical
2016-01-01,92.40459795937204,-43.38678839401408,223.32477625733122,0.0,historical
2016-01-02,140.62880908120678,7.043500482775074,264.0521535319594,3.0,historical
2016-01-03,92.37987156990124,-29.23257409441176,217.10202700298234,0.0,historical
2016-01-04,61.77937139689288,-61.142818041292344,189.74973294010456,0.0,historical
2016-01-05,57.47906724057203,-70.23855677027105,192.61758208611758,3.0,historical
2016-01-06,80.44044625217137,-35.04113343396305,204.2119752136668,3.0,historical
2016-01-07,64.47578618522968,-59.5622666261808,190.96440459820826,0.0,historical
2016-01-08,76.69264071260422,-59.64405700008162,206.603690602927,2.0,historical
2016-01-09,129.37251667835392,0.02246479834314477,251.92555261052843,0.0,historical
2016-01-10,85.95313035974165,-41.856887316192115,219.08713861663222,3.0,historical
2016-01-11,60.44696383219078,-63.05641292732249,182.09828413299715,0.0,historical
2016-01-12,61.39118322823552,-63.905197499615134,186.8452783457389,103.0,historical
2016-01-13,89.62970393160528,-35.035516410905466,213.42441375187462,164.0,historical
2016-01-14,78.85680804615399,-41.01046457329237,211.80791978559904,118.0,historical
2016-01-15,96.06417499617756,-26.504269344023182,237.3318175831179,65.0,historical
2016-01-16,153.4220388772723,23.834411937131943,275.2130242052172,24.0,historical
2016-01-17,114.26380653680454,-10.421730966667758,245.03575932827144,0.0,historical
2016-01-18,92.50680757717463,-27.838009056623203,227.45761845672016,1.0,historical
2016-01-19,96.60419240966503,-38.490107690691616,222.25285798400532,0.0,historical
2016-01-20,127.32872293137314,-1.576567576454679,253.19696623208932,1.0,historical
2016-01-21,118.31782669420278,-10.242722730304008,257.1197861227649,60.0,historical
2016-01-22,136.52174763304782,1.9374119240018954,267.41760390094487,103.0,historical
2016-01-23,194.0854863563659,59.217022221477094,327.1709868228752,263.0,historical
2016-01-24,154.3338508968984,28.336771778501543,286.59797322258896,189.0,historical
2016-01-25,131.19228372535508,10.77137141634186,261.12310055643974,197.0,historical
2016-01-26,133.21422595187684,2.945444948888526,262.6547421521156,105.0,historical
2016-01-27,161.13706069539643,38.56653750209426,286.1378659263328,129.0,historical
2016-01-28,148.6534483888542,15.386292455573592,265.81891017281384,144.0,historical
2016-01-29,162.78248598184751,47.965663788366754,287.58712100201114,173.0,historical
2016-01-30,215.75012533146582,82.8425047896931,340.0498272320211,293.0,historical
2016-01-31,170.9724644173599,37.62431620985759,291.3786034296193,219.0,historical
2016-02-01,142.47461692698243,11.007128177019508,267.25592787990263,131.0,historical
2016-02-02,138.84022200671052,11.43680848829654,274.5990765256171,184.0,historical
2016-02-03,160.99239456370213,30.849317193527096,289.1571636821495,266.0,historical
2016-02-04,142.73555161647346,9.4104260436079,284.5592460437944,98.0,historical
2016-02-05,151.20001968394328,18.274976797918367,289.6408125430793,67.0,historical
2016-02-06,198.72019380145792,64.6348990759768,331.7397712148801,85.0,historical
2016-02-07,148.81565057441262,18.161486091556462,277.4012033062831,78.0,historical
2016-02-08,115.60796474364942,-8.4832311248682,232.0329926458075,71.0,historical
2016-02-09,107.76833172030395,-17.92304151838865,241.6102470503703,113.0,historical
2016-02-10,126.29683312122691,-4.226750058842413,256.913275980118,138.0,historical
2016-02-11,105.06281272056334,-5.995132333775788,233.19114736341814,98.0,historical
2016-02-12,111.24829443465035,-14.848177609034938,236.90989029998858,96.0,historical
2016-02-13,157.2252338103461,29.402117953301186,283.01984010842847,190.0,historical
2016-02-14,106.5360202375331,-17.242061920421555,238.25744774161012,105.0,historical
2016-02-15,73.30998790335899,-54.2455041979684,195.91852959365232,25.0,historical
2016-02-16,66.21104016275423,-56.46632917368118,196.08717917461877,47.0,historical
2016-02-17,86.21722031123085,-36.23421172359767,209.9417971840099,63.0,historical
2016-02-18,67.16168606080383,-58.51983428898844,191.50001737782205,39.0,historical
2016-02-19,76.17700346145858,-49.31742536942782,199.44783810637114,35.0,historical
2016-02-20,125.57353052313837,-4.137595240723345,261.6288413031931,77.0,historical
2016-02-21,78.8212817198542,-44.654035974367964,209.41520494500162,60.0,historical
2016-02-22,49.96800112643129,-75.60894659043075,176.95724483650946,52.0,historical
2016-02-23,47.588515049373925,-87.64560073906354,185.93941070085359,51.0,historical
2016-02-24,72.56616049538988,-54.05566032007807,199.01491961856394,37.0,historical
2016-02-25,58.63570808378837,-67.85300948864115,179.87451792534486,42.0,historical
2016-02-26,72.82965518970417,-52.90117335755456,203.68075996758537,89.0,historical
2016-02-27,127.35861915544682,1.7162227786116449,248.66572894508278,217.0,historical
2016-02-28,85.59518167398346,-45.599616489833096,212.8428873140697,197.0,historical
2016-02-29,61.49387312744689,-67.7968867592947,191.05031082618595,81.0,historical
2016-03-01,63.542330624288944,-66.43564486771028,193.94163351599593,58.0,historical
2016-03-02,92.54439150498416,-40.11334458443625,218.84282072911304,120.0,historical
2016-03-03,82.16450951946277,-38.71714297555746,211.21965097022454,64.0,historical
2016-03-04,99.37534179235854,-35.702545843197996,214.29303281282628,64.0,historical
2016-03-05,156.33921295953309,27.122052113198357,285.0456976772242,76.0,historical
2016-03-06,116.39278873096296,-20.60897836371903,251.57901419646336,86.0,historical
2016-03-07,93.46763373055354,-38.47517576584492,217.42967293149277,98.0,historical
2016-03-08,96.04167854066914,-23.169991284064434,218.69169289776895,53.0,historical
2016-03-09,124.92235413860499,1.1371221430877456,255.68779661167437,38.0,historical
2016-03-10,113.79078258467304,-17.10796498739668,239.42169672150408,46.0,historical
2016-03-11,129.6488788959754,-5.209967893666338,255.60696353573357,45.0,historical
2016-03-12,184.70008228738126,60.844265540653325,305.5830746349338,67.0,historical
2016-03-13,142.33306554174814,12.49624864678552,268.2904791811656,52.0,historical
2016-03-14,116.54111823606621,-16.083462214350547,242.7120077926832,24.0,historical
2016-03-15,115.87225355568272,-12.571338880875674,243.29436955440016,51.0,historical
2016-03-16,141.21082513327107,12.70273677078523,270.87137973576876,127.0,historical
2016-03-17,126.32007389978295,4.30003774995461,257.43000268325187,75.0,historical
2016-03-18,138.28749329448434,5.48670588426778,260.9551555050591,62.0,historical
2016-03-19,189.403766059873,56.95499529873062,330.340131692129,128.0,historical
2016-03-20,143.1446574016599,16.123716385582068,268.99172014569325,138.0,historical
2016-03-21,113.588596530078,-22.68735048902296,236.85169569039823,74.0,historical
2016-03-22,109.3650322099279,-17.118242112092023,229.97485189724122,73.0,historical
2016-03-23,131.4343835439836,1.6152834889754628,260.91128283409677,100.0,historical
2016-03-24,113.62903903504838,-15.268491856183772,239.03413939190446,71.0,historical
2016-03-25,123.09732293530303,-5.204446405111547,241.22908523017554,99.0,historical
2016-03-26,172.1812098155716,36.81857590208976,300.09199809013325,102.0,historical
2016-03-27,124.3971963380906,-10.925400065591603,255.00208000422396,57.0,historical
2016-03-28,93.85308248585079,-40.870026933616515,224.86934266486446,23.0,historical
2016-03-29,89.1957637442774,-39.343339033509736,213.2852583096657,35.0,historical
2016-03-30,111.39086664711154,-13.125892981115197,241.26205171885977,59.0,historical
2016-03-31,94.26368699823603,-32.8949175037386,221.69068638661898,41.0,historical
2016-04-01,104.94335098999605,-25.667232468289864,228.80123932588143,68.0,historical
2016-04-02,155.74097625647832,26.585024525422632,281.536908932243,84.0,historical
2016-04-03,110.1312328994492,-15.409947159994674,241.7432439508178,42.0,historical
2016-04-04,82.17004289011814,-45.3572501275392,210.31114209924337,95.0,historical
2016-04-05,80.44350082728505,-49.43707945202683,219.50928584880828,85.0,historical
2016-04-06,105.848825631043,-24.96128178355617,240.62095012009183,102.0,historical
2016-04-07,92.13677574148241,-44.52536711602843,218.18854539377122,111.0,historical
2016-04-08,106.35741791440516,-23.33224404118043,236.0197258175178,113.0,historical
2016-04-09,160.7399936990606,30.141059573246398,288.9949528388478,208.0,historical
2016-04-10,118.67624851112133,-8.514164481269212,243.5008291344277,148.0,historical
2016-04-11,94.13992508749394,-29.203263246776817,227.49560980758693,123.0,historical
2016-04-12,95.63746694012451,-33.532200022463684,227.8588779426093,62.0,historical
2016-04-13,123.9907040152765,-5.330086054787087,255.55069005481596,129.0,historical
2016-04-14,112.88091653044616,-18.044592646394637,239.93912386997422,102.0,historical
2016-04-15,129.29613199699583,-0.11724394579543315,262.3106783659515,110.0,historical
2016-04-16,185.4123667071398,65.96214437804656,321.43866643292654,202.0,historical
2016-04-17,144.57814674779152,21.885547384606625,268.89559278941204,144.0,historical
2016-04-18,120.73498410663382,-3.9500274421908177,251.34657257083106,84.0,historical
2016-04-19,122.36883146689847,-11.459366172687256,249.8967964871351,127.0,historical
2016-04-20,150.29327059264452,28.786744026259427,283.7569868675809,181.0,historical
2016-04-21,138.19381809791346,12.706798241506608,259.68418052873847,268.0,historical
2016-04-22,153.0751968738518,16.519869947445592,278.76365014352047,278.0,historical
2016-04-23,207.14228335882999,82.56625142223704,338.0836369174838,234.0,historical
2016-04-24,163.7840703540074,25.437835307227278,292.0745358556635,133.0,historical
2016-04-25,136.99333127904762,5.540476781858677,262.2968493064404,91.0,historical
2016-04-26,135.31702532983772,16.38201424685509,264.29043841702,83.0,historical
2016-04-27,159.63821955953568,33.303394524532074,288.78158296134376,139.0,historical
2016-04-28,143.71893764687954,14.17747412892127,268.80328968304724,113.0,historical
2016-04-29,154.64581394550368,32.10148862278257,278.0401658791511,141.0,historical
2016-04-30,204.70929704232887,83.30142659696723,336.978231696301,228.0,historical
2016-05-01,157.38577960690318,25.965308557080096,286.50809789642284,163.0,historical
2016-05-02,126.7553797434503,-5.507513425905031,239.46051778898084,0.0,historical
2016-05-03,121.45045404054089,0.5996412820524445,242.68651692842855,125.0,forecast
2016-05-04,142.43565958632752,13.974347093439105,272.4260438515883,180.0,forecast
2016-05-05,123.54901558210146,-6.193166911416716,249.4928949556407,222.0,forecast
2016-05-06,131.94588271639543,8.81930768433965,251.18369843410224,243.0,forecast
2016-05-07,179.97664191027866,51.76440365512842,309.0952619193257,408.0,forecast
2016-05-08,131.167483548236,8.110052442237164,255.03891625537835,181.0,forecast
2016-05-09,99.63706290052667,-28.388101379381514,225.316900102073,176.0,forecast
2016-05-10,94.04412785457781,-38.44372904659983,217.16547722722103,178.0,forecast
2016-05-11,115.36695696154133,-15.413334318297881,246.76251856064934,310.0,forecast
2016-05-12,97.44407345763048,-39.04123018412156,224.23155106609138,134.0,forecast
2016-05-13,107.41816235705824,-25.448628354389218,234.60122197039547,132.0,forecast
2016-05-14,157.6139748071776,32.89693420324263,291.244247256955,1.0,forecast
2016-05-15,111.51962693979905,-18.438397710587342,242.9546425727802,0.0,forecast
2016-05-16,83.20403861738066,-44.00700560429109,221.58278708075565,0.0,forecast
2016-05-17,81.26560164333759,-42.3965590299698,209.54606769396733,0.0,forecast
2016-05-18,106.61289298808208,-18.054667971223186,235.7283912658992,110.0,forecast
2016-05-19,93.0068708020453,-32.31879618930198,220.29156234328124,81.0,forecast
2016-05-20,107.50644759333515,-15.662904212890178,230.40099264759553,112.0,forecast
2016-05-21,162.34818794220936,26.067467677049006,292.7792783393537,186.0,forecast
2016-05-22,120.92949788386676,-4.625474076240622,247.11298291558953,113.0,forecast
2016-05-23,97.22800889821966,-27.546220390975407,224.89870764575565,86.0,forecast
2016-05-24,99.75220221693951,-30.57247431280976,226.87346857773258,59.0,forecast
2016-05-25,129.3240447746506,-8.693424634462932,249.75370325294887,94.0,forecast
2016-05-26,119.62303100252632,-6.946570268003473,240.66049587061178,167.0,forecast
2016-05-27,137.6334829599257,14.635499819979994,266.7950189372385,244.0,forecast
2016-05-28,195.52581696516023,70.26503084305665,320.2966945939806,261.0,forecast
2016-05-29,156.6411082646643,31.29177580050212,289.87338967297956,187.0,forecast
2016-05-30,134.91162554882047,5.786631881961766,267.5508151628382,115.0,forecast
2016-05-31,138.81235512282728,11.790388817125583,262.95325788860595,139.0,forecast
2016-06-01,169.1442660048774,42.30042617672045,288.17643161799606,273.0,forecast
2016-06-02,159.5786964498588,33.15083831819699,288.0973611079201,235.0,forecast
2016-06-03,177.10470738398018,55.03628488746233,306.01338191359525,172.0,forecast
2016-06-04,233.91011077651967,107.1655238064309,370.1515166676943,323.0,forecast
2016-06-05,193.3655112497924,70.7598710606363,314.6506009260324,336.0,forecast
2016-06-06,169.44404623745365,37.28908323364611,291.90363928216254,127.0,forecast
2016-06-07,170.6718644274742,29.444809258327073,290.8577926740727,137.0,forecast
2016-06-08,197.91011964453628,66.19129709109365,321.19861580084125,249.0,forecast
2016-06-09,184.89789188031665,58.885182288965154,319.2665069258391,201.0,forecast
2016-06-10,198.69791673985054,60.65568129741753,329.43323271138036,271.0,forecast
2016-06-11,251.5758708220982,127.04916795140507,381.4970441400776,512.0,forecast
2016-06-12,206.9825935567177,77.2904651674604,333.1908065211676,317.0,forecast
2016-06-13,178.9719747410967,52.859664210252184,302.1099632218381,224.0,forecast
2016-06-14,176.14959206363585,54.614654237304336,297.7743284136763,239.0,forecast
2016-06-15,199.45291985023803,74.76877952630981,328.6258339410193,377.0,forecast
2016-06-16,182.6925632549848,53.56856650641964,305.38132509562706,239.0,forecast
2016-06-17,192.99643907203216,63.2942973663998,314.7905807471375,243.0,forecast
2016-06-18,242.68768698881416,116.29475403274076,376.9840455676263,438.0,forecast
2016-06-19,195.26572361421017,75.56181891664347,324.2083824375588,334.0,forecast
2016-06-20,164.82319505264778,40.52207997566926,296.8031866590303,149.0,forecast
2016-06-21,159.99393290886016,24.684127584607523,286.9356760937976,32.0,forecast
2016-06-22,181.7327491171119,52.9523030839244,303.1278645540295,39.0,forecast
2016-06-23,163.856531208206,37.2469041058358,292.4433368813015,42.0,forecast
2016-06-24,173.48855963280235,45.92699823532825,304.27964566880786,64.0,forecast
2016-06-25,222.9368244801484,84.35438026713462,357.89547240806934,170.0,forecast
2016-06-26,175.67574069490146,52.13970929190059,303.7760797599971,132.0,forecast
2016-06-27,145.76399795196738,2.501738511114555,260.67247702962135,123.0,forecast
2016-06-28,141.79362459845484,16.237957589412837,265.1545452163905,78.0,forecast
2016-06-29,164.6710703964846,26.49963403638142,290.44292617073614,130.0,forecast
2016-06-30,148.15973463629143,11.032864543714195,271.21651872382307,141.0,forecast
2016-07-01,159.32582273488825,36.99961743493918,274.8187596955538,247.0,forecast
2016-07-02,210.41826769889795,75.29772937415609,333.85609967773064,322.0,forecast
2016-07-03,164.8520732129651,41.8993365394039,294.5876368210985,196.0,forecast
2016-07-04,136.62777188951077,-3.0768954821381342,266.4987157858277,172.0,forecast
2016-07-05,134.28203629731198,-0.32490220909542333,256.3061141851847,218.0,forecast
2016-07-06,158.67020762561205,33.04487801640456,291.56315963441807,216.0,forecast
2016-07-07,143.51013163036052,13.762148647266079,274.34312569028896,179.0,forecast
2016-07-08,155.82915196153837,23.631212927676962,274.824846863795,32.0,forecast
2016-07-09,207.84496898759974,75.70343642643134,334.03621877603877,95.0,forecast
2016-07-10,162.94969810499276,40.63887176694062,293.54258295416605,78.0,forecast
2016-07-11,135.12980434384988,3.6104241736684335,267.34038281990223,122.0,forecast
2016-07-12,132.9169406474347,0.49380933133869054,249.70938608875434,164.0,forecast
2016-07-13,157.170451151499,21.03805369599582,286.43109313422264,288.0,forecast
2016-07-14,141.6209323688615,24.535028707138952,274.3317892795832,138.0,forecast
2016-07-15,153.31671229506054,23.796326676810285,288.90090804695103,189.0,forecast
2016-07-16,204.50397184790364,72.5677191410611,334.009437955106,321.0,forecast
2016-07-17,158.6098648234918,25.685869149895403,284.35091787253015,209.0,forecast
2016-07-18,129.66134066729765,5.103039049798057,257.67380244970553,161.0,forecast
2016-07-19,126.23472944556846,-5.216949802535705,255.85141010127927,157.0,forecast
2016-07-20,149.23688599392068,17.033693474901938,287.46182698597136,283.0,forecast
2016-07-21,132.44732446106497,4.82931158965849,259.59570032407294,60.0,forecast
2016-07-22,142.9632431924988,12.689790583911591,268.1686595692851,98.0,forecast
2016-07-23,193.07820482109707,68.69248409356813,315.28724515915565,133.0,forecast
2016-07-24,146.26386762306305,16.345307122824025,274.96473406772105,130.0,forecast
2016-07-25,116.58751065523077,-9.330137624791137,252.8751460931899,62.0,forecast
2016-07-26,112.66044757481052,-12.479136137988897,236.56480603085825,97.0,forecast
2016-07-27,135.41815797863563,9.381091097316414,255.965503223231,98.0,forecast
2016-07-28,118.66159481788276,-17.6126908978374,242.02714641786582,108.0,forecast
2016-07-29,129.501589915736,1.18465468217244,253.0928344237948,128.0,forecast
2016-07-30,180.2371386919056,55.45196154627581,309.482736208628,270.0,forecast
2016-07-31,134.33697011728856,0.010213101369822444,261.2085589906617,183.0,forecast
2016-08-01,105.85714784148432,-10.413946966718724,228.4979051386096,,forecast
2016-08-02,103.38979421868119,-28.08095247174985,227.86669649456874,,forecast
2016-08-03,127.84375638671767,5.351771244460945,252.39382145119106,,forecast
2016-08-04,112.986657049558,-9.101676940719717,254.53747596349024,,forecast
2016-08-05,125.89023032744669,-8.726370894206973,261.5280148382547,,forecast
2016-08-06,178.80969695719594,57.107207591934724,304.195568038902,,forecast
2016-08-07,135.16655365149555,8.795478017031437,272.5470983419392,,forecast
2016-08-08,108.96748782767301,-10.908003183775074,233.68668586598275,,forecast
2016-08-09,108.75447215177272,-14.358000713851116,236.4344018967077,,forecast
2016-08-10,135.386819270535,5.590636633483442,267.1403584065297,,forecast
2016-08-11,122.58460018443336,2.3793550619930706,249.49499239262104,,forecast
2016-08-12,137.3752881064357,16.818835531229738,264.0947245865396,,forecast
2016-08-13,191.9743453230317,59.27937819055237,328.88948791820786,,forecast
2016-08-14,149.76909388682233,27.99259658348006,283.9877308104038,,forecast
2016-08-15,124.73855110299573,-1.6962815840023657,261.2219236228686,,forecast
2016-08-16,125.40425858669784,3.1369876260160545,245.59589074842532,,forecast
2016-08-17,152.61286489377105,24.074543818554666,276.79613333399334,,forecast
2016-08-18,140.0798506774816,10.699872996135847,271.18978440138955,,forecast
2016-08-19,154.83624998466155,37.79211896141314,287.9512772156228,,forecast
2016-08-20,209.1090834914702,87.3858940717551,337.76945099077017,,forecast
2016-08-21,166.30484933927352,37.80553874498981,289.4202719304318,,forecast
2016-08-22,140.42876378770657,9.837222896313012,269.9742938094769,,forecast
2016-08-23,140.03479782078617,13.10813101931482,274.87412478237684,,forecast
2016-08-24,166.00729268591334,37.797771967679665,290.9703133101879,,forecast
2016-08-25,152.10357126552495,28.61195902493701,283.00192339241505,,forecast
2016-08-26,165.39943102991762,30.33149676123843,289.5730054737166,,forecast
2016-08-27,218.16826978160844,86.6060907974423,333.69922655046247,,forecast
2016-08-28,173.86322754498394,44.30286648382535,302.1101039816099,,forecast
2016-08-29,146.5350757201497,23.393446188827664,266.24453058749964,,forecast
2016-08-30,144.78093865080962,17.531946198982357,271.42203463063186,,forecast
2016-08-31,169.5246685974672,34.873440666915485,298.4065782944287,,forecast
2016-09-01,154.5583269447431,27.657987500002772,268.6124711385923,,forecast
2016-09-02,166.98669020905163,30.400333233560264,303.9171573845681,,forecast
2016-09-03,219.10556081805026,95.94169794724735,349.60228029008454,,forecast
2016-09-04,174.38328988835775,41.99805276656048,298.2158282523284,,forecast
2016-09-05,146.87826141479263,19.24645559002707,277.2833778291068,,forecast
2016-09-06,145.18743518043829,11.493671066424563,269.6671586236954,,forecast
2016-09-07,170.22677505135073,40.205476098001995,293.3641650230077,,forecast
2016-09-08,155.7730144672447,12.720200661878714,289.94995400434817,,forecast
2016-09-09,168.90866999418702,41.659096238266166,294.34708638561335,,forecast
2016-09-10,221.90106871694547,82.47704713396188,350.58250496719444,,forecast
2016-09-11,178.18477637686004,56.10213360579757,311.8474157265927,,forecast
2016-09-12,151.78014977986203,25.31775022469174,273.78309740089276,,forecast
2016-09-13,151.24308002646035,31.465489639956203,277.7434630412724,,forecast
2016-09-14,177.4467184585161,54.532906545612626,313.4934238400753,,forecast
2016-09-15,164.12459931591536,36.745467472819996,293.910006765469,,forecast
2016-09-16,178.31703016962837,46.058884055994504,304.3966406494559,,forecast
2016-09-17,232.25147524173178,99.25594999342694,349.5878009253246,,forecast
2016-09-18,189.3262781483076,56.787085866723416,318.6840649284047,,forecast
2016-09-19,163.53040866002723,33.20692749194012,291.2801803604267,,forecast
2016-09-20,163.39426367316008,38.818916623958955,294.7521472331822,,forecast
2016-09-21,189.77228154853302,61.21378089318484,316.849522184323,,forecast
2016-09-22,176.38675565988223,53.999839221669276,305.7505285576409,,forecast
2016-09-23,190.2746954933172,60.79464476491479,325.3660210161291,,forecast
2016-09-24,243.66844380396185,121.6920849902712,372.5486862784418,,forecast
2016-09-25,199.97938641436707,70.69969287268896,335.9834837187641,,forecast
2016-09-26,173.2174362880884,48.057930645517054,297.63896028307056,,forecast
2016-09-27,171.9413262681073,32.672009827390845,294.837428181132,,forecast
2016-09-28,197.0404809300285,63.63846728696022,325.23599411038896,,forecast
2016-09-29,182.2778715521551,55.006329459543394,310.32504519452846,,forecast
2016-09-30,194.73572712263461,59.43123436670226,325.943451529346,,forecast
2016-10-01,246.69484027440953,119.58324607124247,377.1963958793266,,forecast
2016-10-02,201.61684012727065,69.71632854319091,324.29299690010066,,forecast
2016-10-03,173.56215315509192,47.750161290797195,300.9730913996092,,forecast
2016-10-04,171.13872896537583,50.32095478197802,306.2383628563705,,forecast
2016-10-05,195.28234582364558,58.470553467186136,324.8119586619975,,forecast
2016-10-06,179.7979449616247,52.556471905288916,313.4286071029795,,forecast
2016-10-07,191.80391104714926,59.79335158196221,331.3236672616961,,forecast
2016-10-08,243.61008033987076,113.73431964918225,365.98726264410567,,forecast
2016-10-09,198.69888812206128,71.98699605002325,323.5130578398181,,forecast
2016-10-10,171.14241197234796,53.07734834873437,296.82063384236886,,forecast
2016-10-11,169.55041803402062,47.90913626017606,293.13727255576674,,forecast
2016-10-12,194.85024928908473,58.11751309291169,323.3380768174022,,forecast
2016-10-13,180.8280222229861,59.59650376023385,304.8101770982513,,forecast
2016-10-14,194.57305921265055,57.113228844006635,318.68668625962084,,forecast
2016-10-15,248.35634035187132,115.21568660838896,378.19859732890717,,forecast
2016-10-16,205.61238056374663,81.73231265564952,336.2899922824391,,forecast
2016-10-17,180.35727494733248,45.15784841505118,309.8286471197979,,forecast
2016-10-18,181.13799827678835,43.8745214362798,310.8866380173081,,forecast
2016-10-19,208.81376926826542,81.53084452100315,331.2737300488198,,forecast
2016-10-20,197.09891113312466,65.19772681953216,319.4520811952766,,forecast
2016-10-21,213.00909523326277,77.38479623696887,340.95078301683816,,forecast
2016-10-22,268.7417064080463,137.00878862500932,389.5478283800165,,forecast
2016-10-23,227.65968717924895,95.2857479945511,345.26743309714504,,forecast
2016-10-24,203.71155289009837,68.98370092460682,337.15966427558226,,forecast
2016-10-25,205.38261186514862,79.06808045339048,338.0864351399692,,forecast
2016-10-26,233.47814979740033,113.1077735314125,363.4299456280184,,forecast
2016-10-27,221.6679602443981,101.57541492820252,342.90134683086615,,forecast
2016-10-28,236.93406151000923,110.23904247872898,363.1051935305897,,forecast
2016-10-29,291.45229629592785,159.51492441880364,414.08717349731904,,forecast
2016-10-30,248.57713465048028,126.89259433414333,373.7463208570212,,forecast
2016-10-31,222.26234211512678,91.57610475125811,342.89134149030804,,forecast
2016-11-01,221.01252438884075,97.9581218738241,347.05948867858,,forecast
2016-11-02,245.66629301140452,123.43039913273296,377.85862503839377,,forecast
2016-11-03,229.94042777520298,105.29790356250645,354.6819701209657,,forecast
2016-11-04,240.87687876557962,111.62542448040753,371.72646509291957,,forecast
2016-11-05,290.72331585910786,168.00612939386454,418.0056588659431,,forecast
2016-11-06,242.91656628155465,111.28474029808005,361.0208739921596,,forecast
2016-11-07,211.5016304155849,87.38171242947858,338.14648237409966,,forecast
2016-11-08,205.0813230481573,78.9170517954437,331.4394821806852,,forecast
2016-11-09,224.59732717908867,100.80749625424505,352.6289036326134,,forecast
2016-11-10,203.8720844680695,80.33324429766789,337.7702992833306,,forecast
2016-11-11,210.05341817108297,88.3322552389605,336.0685249986076,,forecast
2016-11-12,255.4926526420425,137.50296670447318,378.4977423392056,,forecast
2016-11-13,203.72562817597682,64.05743811042818,322.69187295637187,,forecast
2016-11-14,168.88936003712902,40.144166327245436,289.1929610356833,,forecast
2016-11-15,159.6694465529901,27.984297817222618,291.0251947287506,,forecast
2016-11-16,177.07906867366475,43.67178152694156,297.8097936149102,,forecast
2016-11-17,154.99905655931857,31.998217034226638,282.9502672227471,,forecast
2016-11-18,160.62096542946264,33.78047009207902,283.55063545001576,,forecast
2016-11-19,206.3239648647946,75.75000062433101,330.70799307590033,,forecast
2016-11-20,155.6549731411872,33.492162235438734,277.2934268619729,,forecast
2016-11-21,122.7448100912472,-13.331876640786435,254.65613731330652,,forecast
2016-11-22,116.25548921416902,-13.089448241904313,241.1909331115435,,forecast
2016-11-23,137.15949803072988,12.723358163977968,265.01974091217767,,forecast
2016-11-24,119.28053938360766,-14.443142201006665,256.24863992823856,,forecast
2016-11-25,129.73766362301757,3.177415523214078,257.95496808727626,,forecast
2016-11-26,180.82357439281319,52.196553690403874,313.11321863173214,,forecast
2016-11-27,135.98650942308998,-3.8588954373191484,260.9743659992612,,forecast
2016-11-28,109.2484316471893,-13.23547745829734,231.1945063049309,,forecast
2016-11-29,109.15460607003419,-16.065177296155028,232.27371166244376,,forecast
2016-11-30,136.55536005192883,7.175540617107417,264.7991861840741,,forecast
2016-12-01,125.14944353513495,-1.2732835391486659,251.8120910283136,,forecast
2016-12-02,141.9308594953598,16.638449518931402,271.0638110065019,,forecast
2016-12-03,199.06988558755648,73.41940259717536,330.3301648299752,,forecast
2016-12-04,159.89762605032865,42.25414162816916,281.77651801011785,,forecast
2016-12-05,138.3267677120544,7.846442750932083,263.29351511011055,,forecast
2016-12-06,142.80355640342702,3.658568208037482,278.05587542024904,,forecast
2016-12-07,174.09173605202247,48.165588429584915,308.97453220528644,,forecast
2016-12-08,165.81781666680217,46.1649106864325,293.83183713300195,,forecast
2016-12-09,184.91949741388754,59.249810335979745,319.2475499321378,,forecast
2016-12-10,243.5279289678644,119.40567712232227,370.6518551569536,,forecast
2016-12-11,204.95312554883577,80.4456467774518,334.1308414351,,forecast
2016-12-12,183.10518066398157,48.823452753745144,307.56033823973775,,forecast
2016-12-13,186.44629227307868,60.522913823131844,319.91789610964304,,forecast
2016-12-14,215.7743385751067,84.83706226181398,350.76299037461365,,forecast
2016-12-15,204.76737902807824,73.3753972812597,336.228765320664,,forecast
2016-12-16,220.43092448279322,95.97489499117962,348.4936520340082,,forecast
2016-12-17,274.9786871185972,142.39863417467728,408.37489339630804,,forecast
2016-12-18,231.81615527996192,103.08296836635694,349.65084400916834,,forecast
2016-12-19,204.95968925652025,80.41116784447614,337.1830979357674,,forecast
2016-12-20,202.98619209002499,62.981150404657384,330.47552251365306,,forecast
2016-12-21,226.81415015047656,98.59011611207102,362.097535876698,,forecast
2016-12-22,210.24547555904354,78.77335420913009,337.97795508700085,,forecast
2016-12-23,220.4100543727267,92.24730537475116,332.52298387819565,,forecast
2016-12-24,269.6437724231469,150.97551099486301,393.92298125806735,,forecast
2016-12-25,221.46942486848044,86.74684405615977,354.1505383086832,,forecast
2016-12-26,190.01326480640822,50.71744068624426,326.12863214156374,,forecast
2016-12-27,183.95230134635892,54.44420895038632,309.70764509236704,,forecast
2016-12-28,204.29319392012388,72.71353442509745,326.99118516938944,,forecast
2016-12-29,184.9122215199431,58.722509225636806,316.8370740723282,,forecast
2016-12-30,192.99827093597114,66.44677569801911,316.30109562995045,,forecast
2016-12-31,240.9296487234704,106.09887172303456,375.9357739338614,,forecast
2017-01-01,192.2541477876589,58.621913129514965,315.6359941682932,,forecast
2017-01-02,161.10514026914706,34.86981046857712,284.81863240228444,,forecast
2017-01-03,156.14881465585742,39.46059858498151,287.7125256612864,,forecast
2017-01-04,178.36340255211658,52.05792771728015,306.047086668874,,forecast
2017-01-05,161.5798636688808,36.13925347716551,285.46529972316836,,forecast
2017-01-06,172.92595453075086,43.28689174192813,298.20836639001806,,forecast
2017-01-07,224.70445910047042,108.09863039334884,354.69887065599306,,forecast
2017-01-08,180.37497841337287,44.598536803544526,312.5072503264836,,forecast
2017-01-09,153.97201067235156,24.796819843869066,276.5758400116895,,forecast
2017-01-10,154.0543940416318,30.014838842833623,278.99857444992034,,forecast
2017-01-11,181.4869075055513,52.84689664958324,309.74505046225596,,forecast
2017-01-12,169.98344508610737,36.05061717102407,286.9610857873439,,forecast
2017-01-13,186.5536336621598,66.90628586915604,314.37222137735927,,forecast
2017-01-14,243.38361661521952,110.03770037297205,368.30161332391066,,forecast
2017-01-15,203.8203449349685,75.08403784046305,330.61391485974656,,forecast
2017-01-16,181.79205352519404,57.25919570415802,309.750270330186,,forecast
2017-01-17,185.75994414397408,52.686981770777834,309.01273146397216,,forecast
2017-01-18,216.50182353096932,68.82195195056964,339.6795513177626,,forecast
2017-01-19,207.65707016280572,71.79559001425264,329.5887200393442,,forecast
2017-01-20,226.17476384606329,99.62365894570048,354.54740981004454,,forecast
2017-01-21,284.19567085247104,150.64682530159124,407.55775754753336,,forecast
2017-01-22,245.03740378766358,111.36097204897422,372.3361469861124,,forecast
2017-01-23,222.61541894002812,105.49022194987582,353.0086334799343,,forecast
2017-01-24,225.3948652309082,104.3465083149157,353.0803941019601,,forecast
2017-01-25,254.17403370596185,114.28313908391928,379.40019925137756,,forecast
2017-01-26,242.62878899717472,121.21902347274008,355.58372626197945,,forecast
2017-01-27,257.75983223742026,132.4318189558623,387.8727349459328,,forecast
2017-01-28,311.77351026257236,180.51999783449628,445.3084952013855,,forecast
2017-01-29,268.0655186898323,143.11850961625743,408.40743935533953,,forecast
2017-01-30,240.64019557511764,107.28097614020076,364.2089282543844,,forecast
2017-01-31,238.06045846836176,104.07238842843375,371.8980700323974,,forecast
2017-02-01,261.22917634923203,135.68522235291977,397.0074620891424,,forecast
2017-02-02,243.93140328812342,116.66837183426416,376.8542394368734,,forecast
2017-02-03,253.27937059527022,115.30073070491744,387.18638280718244,,forecast
2017-02-04,301.5910004166224,172.2883152078171,428.419589413091,,forecast
2017-02-05,252.3713362917133,120.50372634637316,382.51631974215746,,forecast
2017-02-06,219.729634122975,82.01494083177298,350.97889617944713,,forecast
2017-02-07,212.32721096948265,84.72766452281407,334.77660667787706,,forecast
2017-02-08,231.15688471212025,106.92309838177958,358.0327035608349,,forecast
2017-02-09,210.0834691468252,86.88079145551828,329.49804599467666,,forecast
2017-02-10,216.28725443251514,86.20770914163921,333.45819120522617,,forecast
2017-02-11,262.141263844014,141.9866111946794,396.16394555445817,,forecast
2017-02-12,211.19170470452823,92.1344794524773,338.10959137131096,,forecast
2017-02-13,177.5743732929371,47.13582457479047,301.93540853182446,,forecast
2017-02-14,169.9621212655703,41.903225580437585,297.71197975403663,,forecast
2017-02-15,189.3442204308788,66.10561530620289,317.7485806696652,,forecast
2017-02-16,169.5670879468484,37.61587483339595,297.52902679407055,,forecast
